[2026-08-06T02:43:04.148Z] GET http://localhost:3000/ → 200 (38ms, 14387B)
[2026-08-06T02:43:04.188Z] GET http://localhost:3000/_next/static/media/37f34e4fcce0f2d4-s.p.3dosikwwiz7p4.woff2 → 200 (6ms, 3528B)
[2026-08-06T02:43:04.188Z] GET http://localhost:3000/_next/static/media/8ec783ae88469012-s.p.0twlw20dvfl-2.woff2 → 200 (7ms, 3208B)
[2026-08-06T02:43:04.188Z] GET http://localhost:3000/_next/static/media/GeistMono_Variable.p.3ms9vq719j3f8.woff2 → 200 (8ms, 71368B)
[2026-08-06T02:43:04.188Z] GET http://localhost:3000/_next/static/media/Geist_Variable-s.p.0mrjj4bg00-he.woff2 → 200 (8ms, 69652B)
[2026-08-06T02:43:04.188Z] GET http://localhost:3000/_next/static/media/cd86e8ac0cf67b0d-s.p.1d83w2f-7pq03.woff2 → 200 (8ms, 11436B)
[2026-08-06T02:43:04.188Z] GET http://localhost:3000/logo-mark.png → 200 (9ms, 19171B)
[2026-08-06T02:43:04.190Z] GET http://localhost:3000/_next/static/chunks/%5Broot-of-the-server%5D__1qrvqbp._.css → 200 (7ms, 54998B)
[2026-08-06T02:43:04.190Z] GET http://localhost:3000/_next/static/chunks/%5Bturbopack%5D_browser_dev_hmr-client_hmr-client_ts_1xx01vv._.js → 200 (7ms, 675B)
[2026-08-06T02:43:04.191Z] GET http://localhost:3000/_next/static/chunks/node_modules_next_dist_compiled_next-devtools_index_090k2jm.js → 200 (69ms, 217679B)
[2026-08-06T02:43:04.191Z] GET http://localhost:3000/_next/static/chunks/node_modules_next_dist_compiled_react-dom_096_9a-._.js → 200 (76ms, 184177B)
[2026-08-06T02:43:04.191Z] GET http://localhost:3000/_next/static/chunks/node_modules_next_dist_compiled_react-server-dom-turbopack_164kp-6._.js → 200 (51ms, 31850B)
[2026-08-06T02:43:04.191Z] GET http://localhost:3000/_next/static/chunks/node_modules_next_dist_compiled_1amofcm._.js → 200 (51ms, 28340B)
[2026-08-06T02:43:04.191Z] GET http://localhost:3000/_next/static/chunks/node_modules_next_dist_client_0r5nbpw._.js → 200 (77ms, 152625B)
[2026-08-06T02:43:04.191Z] GET http://localhost:3000/_next/static/chunks/node_modules_next_dist_1ybzpk2._.js → 200 (54ms, 46206B)
[2026-08-06T02:43:04.191Z] GET http://localhost:3000/_next/static/chunks/node_modules_%40swc_helpers_cjs_1r9vbqw._.js → 200 (51ms, 755B)
[2026-08-06T02:43:04.191Z] GET http://localhost:3000/_next/static/chunks/_1anvha4._.js → 200 (53ms, 756B)
[2026-08-06T02:43:04.191Z] GET http://localhost:3000/_next/static/chunks/turbopack-_01_ro95._.js → 200 (54ms, 22519B)
[2026-08-06T02:43:04.191Z] GET http://localhost:3000/_next/static/chunks/node_modules_next_dist_1e9_p6y._.js → 200 (70ms, 36772B)
[2026-08-06T02:43:04.191Z] GET http://localhost:3000/_next/static/chunks/app_twitter-image--metadata_007e4b2.js → 200 (54ms, 263B)
[2026-08-06T02:43:04.191Z] GET http://localhost:3000/_next/static/chunks/_0sukjcq._.js → 200 (70ms, 34225B)
[2026-08-06T02:43:04.192Z] GET http://localhost:3000/_next/static/chunks/node_modules_%40supabase_auth-js_dist_module_1vqrmkg._.js → 200 (125ms, 79478B)
[2026-08-06T02:43:04.192Z] GET http://localhost:3000/_next/static/chunks/node_modules_tailwind-merge_dist_bundle-mjs_mjs_0q79z23._.js → 200 (75ms, 19363B)
[2026-08-06T02:43:04.192Z] GET http://localhost:3000/_next/static/chunks/node_modules_0gfqld3._.js → 200 (126ms, 138609B)
[2026-08-06T02:43:04.192Z] GET http://localhost:3000/_next/static/chunks/app_layout_tsx_007e4b2._.js → 200 (72ms, 484B)
[2026-08-06T02:43:04.192Z] GET http://localhost:3000/_next/static/chunks/_06787fa._.js → 200 (123ms, 9898B)
[2026-08-06T02:43:04.192Z] GET http://localhost:3000/_next/static/chunks/app_error_tsx_0pr5cyn._.js → 200 (123ms, 241B)
[2026-08-06T02:43:04.192Z] GET http://localhost:3000/_next/static/chunks/_0tk-_kr._.js → 200 (125ms, 9087B)
[2026-08-06T02:43:04.193Z] GET http://localhost:3000/_next/static/chunks/app_not-found_tsx_0pr5cyn._.js → 200 (123ms, 241B)
[2026-08-06T02:43:04.193Z] GET http://localhost:3000/_next/static/chunks/_12qd7_x._.js → 200 (124ms, 39854B)
[2026-08-06T02:43:04.193Z] GET http://localhost:3000/_next/static/chunks/app_page_tsx_0pr5cyn._.js → 200 (124ms, 241B)
[2026-08-06T02:43:04.193Z] GET http://localhost:3000/_next/static/chunks/app_global-error_tsx_0cmn22j._.js → 200 (124ms, 3546B)
[2026-08-06T02:43:04.193Z] GET http://localhost:3000/_next/static/chunks/app_global-error_tsx_0pr5cyn._.js → 200 (124ms, 261B)
[2026-08-06T02:43:04.315Z] GET http://localhost:3000/_next/static/chunks/%5Bturbopack%5D_browser_dev_hmr-client_hmr-client_ts_1mojsay._.js → 200 (5ms, 3904B)
[2026-08-06T02:43:04.315Z] GET http://localhost:3000/_next/static/chunks/%5Bturbopack%5D_browser_dev_hmr-client_hmr-client_ts_1xch-cm._.js → 200 (5ms, 289B)
[2026-08-06T02:43:04.416Z] GET https://api.github.com/repos/Manuekle/agents → pending (?ms, ?B)
[2026-08-06T02:43:04.416Z] GET http://localhost:3000/mascots/thinking.png → 200 (3ms, 85629B)
[2026-08-06T02:43:04.416Z] GET http://localhost:3000/mascots/working.png → 200 (3ms, 87709B)
[2026-08-06T02:43:04.416Z] GET http://localhost:3000/mascots/sleeping.png → 200 (3ms, 89454B)
[2026-08-06T02:43:04.416Z] GET http://localhost:3000/mascots/coffee.png → 200 (3ms, 88592B)
[2026-08-06T02:43:04.455Z] GET https://va.vercel-scripts.com/v1/script.debug.js → pending (?ms, ?B)
[2026-08-06T02:43:08.000Z] GET http://localhost:3000/mascots/cooking.png → 200 (6ms, 89553B)
[2026-08-06T02:43:08.000Z] GET http://localhost:3000/mascots/wizard.png → 200 (6ms, 89556B)
[2026-08-06T02:43:09.802Z] GET http://localhost:3000/mascots/sherlock.png → 200 (4ms, 89171B)
[2026-08-06T02:43:11.607Z] GET http://localhost:3000/mascots/rocket.png → 200 (3ms, 89818B)
[2026-08-06T02:43:15.202Z] GET http://localhost:3000/mascots/headphones.png → 200 (4ms, 86944B)
[2026-08-06T02:43:17.004Z] GET http://localhost:3000/mascots/paragliding.png → 200 (4ms, 91141B)
[2026-08-06T02:43:18.800Z] GET http://localhost:3000/mascots/rocket.png → 200 (4ms, ?B)
[2026-08-06T02:43:18.813Z] GET http://localhost:3000/mascots/working.png → 200 (7ms, ?B)
[2026-08-06T02:43:20.599Z] GET http://localhost:3000/mascots/sleeping.png → 200 (3ms, ?B)
[2026-08-06T02:43:22.400Z] GET http://localhost:3000/mascots/thinking.png → 200 (3ms, ?B)
[2026-08-06T02:43:22.421Z] GET http://localhost:3000/mascots/wizard.png → 200 (1ms, ?B)
[2026-08-06T02:43:24.178Z] GET http://localhost:3000/?_rsc=q3mOO9BClNZHexY7 → pending (?ms, ?B)
[2026-08-06T02:43:24.224Z] GET http://localhost:3000/mascots/working.png → 200 (53ms, ?B)
[2026-08-06T02:43:24.224Z] GET http://localhost:3000/?_rsc=q3mOO9BClNZHexY7 → pending (?ms, ?B)
[2026-08-06T02:43:24.227Z] GET http://localhost:3000/?_rsc=q3mOO9BClNZHexY7 → pending (?ms, ?B)
[2026-08-06T02:43:24.227Z] GET http://localhost:3000/?_rsc=q3mOO9BClNZHexY7 → pending (?ms, ?B)
[2026-08-06T02:43:24.227Z] GET http://localhost:3000/?_rsc=q3mOO9BClNZHexY7 → pending (?ms, ?B)
[2026-08-06T02:43:24.227Z] GET http://localhost:3000/?_rsc=q3mOO9BClNZHexY7 → pending (?ms, ?B)
[2026-08-06T02:43:24.228Z] GET http://localhost:3000/?_rsc=q3mOO9BClNZHexY7 → pending (?ms, ?B)
[2026-08-06T02:43:24.228Z] GET http://localhost:3000/?_rsc=q3mOO9BClNZHexY7 → pending (?ms, ?B)
[2026-08-06T02:43:24.228Z] GET http://localhost:3000/?_rsc=q3mOO9BClNZHexY7 → pending (?ms, ?B)
[2026-08-06T02:43:24.228Z] GET http://localhost:3000/?_rsc=q3mOO9BClNZHexY7 → pending (?ms, ?B)
[2026-08-06T02:43:24.230Z] GET http://localhost:3000/?_rsc=q3mOO9BClNZHexY7 → pending (?ms, ?B)
[2026-08-06T02:43:24.235Z] GET http://localhost:3000/?_rsc=q3mOO9BClNZHexY7 → pending (?ms, ?B)
[2026-08-06T02:43:24.235Z] GET http://localhost:3000/?_rsc=q3mOO9BClNZHexY7 → pending (?ms, ?B)
[2026-08-06T02:43:24.235Z] GET http://localhost:3000/?_rsc=q3mOO9BClNZHexY7 → pending (?ms, ?B)
[2026-08-06T02:43:24.236Z] GET http://localhost:3000/?_rsc=q3mOO9BClNZHexY7 → pending (?ms, ?B)
[2026-08-06T02:43:24.236Z] GET http://localhost:3000/?_rsc=q3mOO9BClNZHexY7 → pending (?ms, ?B)
[2026-08-06T02:43:24.237Z] GET http://localhost:3000/?_rsc=q3mOO9BClNZHexY7 → pending (?ms, ?B)
[2026-08-06T02:43:24.237Z] GET http://localhost:3000/?_rsc=q3mOO9BClNZHexY7 → pending (?ms, ?B)
[2026-08-06T02:43:24.237Z] GET http://localhost:3000/?_rsc=q3mOO9BClNZHexY7 → pending (?ms, ?B)
[2026-08-06T02:43:24.237Z] GET http://localhost:3000/?_rsc=q3mOO9BClNZHexY7 → pending (?ms, ?B)
[2026-08-06T02:43:24.237Z] GET http://localhost:3000/?_rsc=q3mOO9BClNZHexY7 → pending (?ms, ?B)
[2026-08-06T02:43:24.237Z] GET http://localhost:3000/?_rsc=q3mOO9BClNZHexY7 → pending (?ms, ?B)
[2026-08-06T02:43:24.237Z] GET http://localhost:3000/?_rsc=q3mOO9BClNZHexY7 → pending (?ms, ?B)
[2026-08-06T02:43:24.237Z] GET http://localhost:3000/?_rsc=q3mOO9BClNZHexY7 → pending (?ms, ?B)
[2026-08-06T02:43:24.238Z] GET http://localhost:3000/?_rsc=q3mOO9BClNZHexY7 → pending (?ms, ?B)
[2026-08-06T02:43:24.238Z] GET http://localhost:3000/?_rsc=q3mOO9BClNZHexY7 → pending (?ms, ?B)
[2026-08-06T02:43:24.238Z] GET http://localhost:3000/?_rsc=q3mOO9BClNZHexY7 → pending (?ms, ?B)
[2026-08-06T02:43:24.238Z] GET http://localhost:3000/?_rsc=q3mOO9BClNZHexY7 → pending (?ms, ?B)
[2026-08-06T02:43:24.238Z] GET http://localhost:3000/?_rsc=q3mOO9BClNZHexY7 → pending (?ms, ?B)
[2026-08-06T02:43:24.238Z] GET http://localhost:3000/?_rsc=q3mOO9BClNZHexY7 → pending (?ms, ?B)
[2026-08-06T02:43:24.238Z] GET http://localhost:3000/?_rsc=q3mOO9BClNZHexY7 → pending (?ms, ?B)
[2026-08-06T02:43:24.239Z] GET http://localhost:3000/?_rsc=q3mOO9BClNZHexY7 → pending (?ms, ?B)
[2026-08-06T02:43:24.239Z] GET http://localhost:3000/?_rsc=q3mOO9BClNZHexY7 → pending (?ms, ?B)
[2026-08-06T02:43:24.241Z] GET http://localhost:3000/?_rsc=q3mOO9BClNZHexY7 → pending (?ms, ?B)
[2026-08-06T02:43:24.241Z] GET http://localhost:3000/?_rsc=q3mOO9BClNZHexY7 → pending (?ms, ?B)
[2026-08-06T02:43:24.241Z] GET http://localhost:3000/?_rsc=q3mOO9BClNZHexY7 → pending (?ms, ?B)
[2026-08-06T02:43:24.242Z] GET http://localhost:3000/?_rsc=q3mOO9BClNZHexY7 → pending (?ms, ?B)
[2026-08-06T02:43:24.242Z] GET http://localhost:3000/?_rsc=q3mOO9BClNZHexY7 → pending (?ms, ?B)
[2026-08-06T02:43:24.242Z] GET http://localhost:3000/?_rsc=q3mOO9BClNZHexY7 → pending (?ms, ?B)
[2026-08-06T02:43:24.242Z] GET http://localhost:3000/?_rsc=q3mOO9BClNZHexY7 → pending (?ms, ?B)
[2026-08-06T02:43:24.242Z] GET http://localhost:3000/?_rsc=q3mOO9BClNZHexY7 → pending (?ms, ?B)
[2026-08-06T02:43:24.242Z] GET http://localhost:3000/?_rsc=q3mOO9BClNZHexY7 → pending (?ms, ?B)
[2026-08-06T02:43:24.243Z] GET http://localhost:3000/?_rsc=q3mOO9BClNZHexY7 → pending (?ms, ?B)
[2026-08-06T02:43:24.243Z] GET http://localhost:3000/?_rsc=q3mOO9BClNZHexY7 → pending (?ms, ?B)
[2026-08-06T02:43:24.243Z] GET http://localhost:3000/?_rsc=q3mOO9BClNZHexY7 → pending (?ms, ?B)
[2026-08-06T02:43:24.243Z] GET http://localhost:3000/?_rsc=q3mOO9BClNZHexY7 → pending (?ms, ?B)
[2026-08-06T02:43:24.243Z] GET http://localhost:3000/?_rsc=q3mOO9BClNZHexY7 → pending (?ms, ?B)
[2026-08-06T02:43:24.244Z] GET http://localhost:3000/?_rsc=q3mOO9BClNZHexY7 → pending (?ms, ?B)
[2026-08-06T02:43:24.244Z] GET http://localhost:3000/?_rsc=q3mOO9BClNZHexY7 → pending (?ms, ?B)
[2026-08-06T02:43:24.244Z] GET http://localhost:3000/?_rsc=q3mOO9BClNZHexY7 → pending (?ms, ?B)
[2026-08-06T02:43:24.244Z] GET http://localhost:3000/?_rsc=q3mOO9BClNZHexY7 → pending (?ms, ?B)
[2026-08-06T02:43:24.244Z] GET http://localhost:3000/?_rsc=q3mOO9BClNZHexY7 → 200 (397ms, ?B)
[2026-08-06T02:43:24.244Z] GET http://localhost:3000/?_rsc=q3mOO9BClNZHexY7 → 200 (307ms, ?B)
[2026-08-06T02:43:24.244Z] GET http://localhost:3000/?_rsc=q3mOO9BClNZHexY7 → 200 (232ms, 5002B)
[2026-08-06T02:43:24.244Z] GET http://localhost:3000/?_rsc=q3mOO9BClNZHexY7 → 200 (178ms, 5002B)
[2026-08-06T02:43:24.244Z] GET http://localhost:3000/?_rsc=q3mOO9BClNZHexY7 → 200 (135ms, 5002B)
[2026-08-06T02:43:24.571Z] GET http://localhost:3000/__nextjs_font/geist-latin.woff2 → 200 (52ms, 28369B)
[2026-08-06T02:43:26.000Z] GET http://localhost:3000/mascots/cooking.png → pending (?ms, ?B)
[2026-08-06T02:43:26.023Z] GET http://localhost:3000/mascots/rocket.png → pending (?ms, ?B)
[2026-08-06T02:43:27.798Z] GET http://localhost:3000/mascots/sherlock.png → 200 (4ms, ?B)
[2026-08-06T02:43:29.627Z] GET http://localhost:3000/mascots/headphones.png → 200 (1ms, ?B)
[2026-08-06T02:43:34.996Z] GET http://localhost:3000/mascots/paragliding.png → 200 (2ms, ?B)
[2026-08-06T02:43:36.795Z] GET http://localhost:3000/mascots/rocket.png → 200 (2ms, ?B)
[2026-08-06T02:43:36.836Z] GET http://localhost:3000/mascots/wizard.png → 200 (2ms, ?B)
[2026-08-06T02:43:38.596Z] GET http://localhost:3000/mascots/sleeping.png → 200 (6ms, ?B)
[2026-08-06T02:43:40.401Z] GET http://localhost:3000/mascots/thinking.png → 200 (4ms, ?B)
[2026-08-06T02:43:43.997Z] GET http://localhost:3000/mascots/cooking.png → 200 (4ms, ?B)
[2026-08-06T02:43:44.042Z] GET http://localhost:3000/mascots/headphones.png → 200 (1ms, ?B)
[2026-08-06T02:43:45.803Z] GET http://localhost:3000/mascots/sherlock.png → 200 (4ms, ?B)
[2026-08-06T02:43:47.602Z] GET http://localhost:3000/mascots/wizard.png → 200 (4ms, ?B)
[2026-08-06T02:43:51.203Z] GET http://localhost:3000/mascots/headphones.png → 200 (5ms, ?B)
[2026-08-06T02:43:51.250Z] GET http://localhost:3000/mascots/wizard.png → 200 (6ms, ?B)
[2026-08-06T02:43:52.999Z] GET http://localhost:3000/mascots/paragliding.png → 200 (4ms, ?B)
[2026-08-06T02:43:54.803Z] GET http://localhost:3000/mascots/rocket.png → 200 (4ms, ?B)
[2026-08-06T02:43:56.597Z] GET http://localhost:3000/mascots/sleeping.png → 200 (5ms, ?B)
[2026-08-06T02:43:58.406Z] GET http://localhost:3000/mascots/thinking.png → 200 (4ms, ?B)
[2026-08-06T02:44:01.997Z] GET http://localhost:3000/mascots/cooking.png → 200 (5ms, ?B)
[2026-08-06T02:44:03.803Z] GET http://localhost:3000/mascots/sherlock.png → 200 (3ms, ?B)
[2026-08-06T02:44:05.602Z] GET http://localhost:3000/mascots/wizard.png → 200 (4ms, ?B)
[2026-08-06T02:44:09.202Z] GET http://localhost:3000/mascots/headphones.png → 200 (4ms, ?B)
[2026-08-06T02:44:09.278Z] GET http://localhost:3000/mascots/rocket.png → 200 (1ms, ?B)
[2026-08-06T02:44:11.005Z] GET http://localhost:3000/mascots/paragliding.png → 200 (4ms, ?B)
[2026-08-06T02:44:14.603Z] GET http://localhost:3000/mascots/sleeping.png → 200 (3ms, ?B)
[2026-08-06T02:44:16.402Z] GET http://localhost:3000/mascots/thinking.png → 200 (3ms, ?B)
[2026-08-06T02:44:16.491Z] GET http://localhost:3000/mascots/working.png → 200 (1ms, ?B)
[2026-08-06T02:44:20.002Z] GET http://localhost:3000/mascots/cooking.png → 200 (4ms, ?B)
[2026-08-06T02:44:20.095Z] GET http://localhost:3000/mascots/wizard.png → 200 (1ms, ?B)
[2026-08-06T02:44:21.804Z] GET http://localhost:3000/mascots/sherlock.png → 200 (4ms, ?B)
[2026-08-06T02:44:23.699Z] GET http://localhost:3000/mascots/rocket.png → 200 (5ms, ?B)
[2026-08-06T02:44:27.203Z] GET http://localhost:3000/mascots/headphones.png → 200 (4ms, ?B)
[2026-08-06T02:44:29.002Z] GET http://localhost:3000/mascots/paragliding.png → 200 (3ms, ?B)
[2026-08-06T02:44:30.912Z] GET http://localhost:3000/mascots/working.png → 200 (7ms, ?B)
[2026-08-06T02:44:32.600Z] GET http://localhost:3000/mascots/sleeping.png → 200 (4ms, ?B)
[2026-08-06T02:44:34.402Z] GET http://localhost:3000/mascots/thinking.png → 200 (4ms, ?B)
[2026-08-06T02:44:34.516Z] GET http://localhost:3000/mascots/wizard.png → 200 (6ms, ?B)
[2026-08-06T02:44:38.002Z] GET http://localhost:3000/mascots/cooking.png → 200 (4ms, ?B)
[2026-08-06T02:44:38.126Z] GET http://localhost:3000/mascots/rocket.png → 200 (2ms, ?B)
[2026-08-06T02:44:39.804Z] GET http://localhost:3000/mascots/sherlock.png → 200 (4ms, ?B)
[2026-08-06T02:44:41.729Z] GET http://localhost:3000/mascots/headphones.png → pending (?ms, ?B)
[2026-08-06T02:44:45.337Z] GET http://localhost:3000/mascots/working.png → 200 (1ms, ?B)
[2026-08-06T02:44:47.004Z] GET http://localhost:3000/mascots/paragliding.png → 200 (4ms, ?B)
[2026-08-06T02:44:48.803Z] GET http://localhost:3000/mascots/rocket.png → 200 (4ms, ?B)
[2026-08-06T02:44:48.940Z] GET http://localhost:3000/mascots/wizard.png → 200 (2ms, ?B)
[2026-08-06T02:44:50.603Z] GET http://localhost:3000/mascots/sleeping.png → 200 (4ms, ?B)
[2026-08-06T02:44:52.402Z] GET http://localhost:3000/mascots/thinking.png → 200 (3ms, ?B)
[2026-08-06T02:44:52.543Z] GET http://localhost:3000/mascots/rocket.png → 200 (2ms, ?B)
[2026-08-06T02:44:54.201Z] GET http://localhost:3000/mascots/working.png → 200 (4ms, ?B)
[2026-08-06T02:44:56.001Z] GET http://localhost:3000/mascots/cooking.png → 200 (3ms, ?B)
[2026-08-06T02:44:56.148Z] GET http://localhost:3000/mascots/headphones.png → 200 (6ms, ?B)
[2026-08-06T02:44:57.802Z] GET http://localhost:3000/mascots/sherlock.png → 200 (4ms, ?B)
[2026-08-06T02:45:03.202Z] GET http://localhost:3000/mascots/headphones.png → 200 (4ms, ?B)
[2026-08-06T02:45:05.003Z] GET http://localhost:3000/mascots/paragliding.png → 200 (4ms, ?B)
[2026-08-06T02:45:06.796Z] GET http://localhost:3000/mascots/rocket.png → 200 (1ms, ?B)
[2026-08-06T02:45:08.603Z] GET http://localhost:3000/mascots/sleeping.png → 200 (4ms, ?B)
[2026-08-06T02:45:10.402Z] GET http://localhost:3000/mascots/thinking.png → 200 (4ms, ?B)
[2026-08-06T02:45:10.567Z] GET http://localhost:3000/mascots/headphones.png → 200 (6ms, ?B)
[2026-08-06T02:45:12.202Z] GET http://localhost:3000/mascots/working.png → 200 (4ms, ?B)
[2026-08-06T02:45:13.999Z] GET http://localhost:3000/mascots/cooking.png → 200 (4ms, ?B)
[2026-08-06T02:45:15.801Z] GET http://localhost:3000/mascots/sherlock.png → 200 (4ms, ?B)
[2026-08-06T02:45:17.600Z] GET http://localhost:3000/mascots/wizard.png → 200 (3ms, ?B)
[2026-08-06T02:45:21.198Z] GET http://localhost:3000/mascots/headphones.png → 200 (5ms, ?B)
[2026-08-06T02:45:21.389Z] GET http://localhost:3000/mascots/rocket.png → 200 (2ms, ?B)
[2026-08-06T02:45:23.000Z] GET http://localhost:3000/mascots/paragliding.png → 200 (3ms, ?B)
[2026-08-06T02:45:26.604Z] GET http://localhost:3000/mascots/sleeping.png → 200 (5ms, ?B)
[2026-08-06T02:45:28.402Z] GET http://localhost:3000/mascots/thinking.png → 200 (4ms, ?B)
[2026-08-06T02:45:28.598Z] GET http://localhost:3000/mascots/working.png → 200 (6ms, ?B)
[2026-08-06T02:45:32.002Z] GET http://localhost:3000/mascots/cooking.png → 200 (5ms, ?B)
[2026-08-06T02:45:32.207Z] GET http://localhost:3000/mascots/wizard.png → 200 (2ms, ?B)
[2026-08-06T02:45:33.799Z] GET http://localhost:3000/mascots/sherlock.png → 200 (4ms, ?B)
[2026-08-06T02:45:35.812Z] GET http://localhost:3000/mascots/rocket.png → 200 (2ms, ?B)
[2026-08-06T02:45:39.194Z] GET http://localhost:3000/mascots/headphones.png → 200 (6ms, ?B)
[2026-08-06T02:45:40.997Z] GET http://localhost:3000/mascots/paragliding.png → 200 (4ms, ?B)
[2026-08-06T02:45:43.018Z] GET http://localhost:3000/mascots/working.png → 200 (1ms, ?B)
[2026-08-06T02:45:44.594Z] GET http://localhost:3000/mascots/sleeping.png → 200 (4ms, ?B)
[2026-08-06T02:45:46.391Z] GET http://localhost:3000/mascots/thinking.png → 200 (3ms, ?B)
[2026-08-06T02:45:46.618Z] GET http://localhost:3000/mascots/wizard.png → 200 (7ms, ?B)
[2026-08-06T02:45:49.985Z] GET http://localhost:3000/mascots/cooking.png → 200 (4ms, ?B)
[2026-08-06T02:45:51.783Z] GET http://localhost:3000/mascots/sherlock.png → 200 (5ms, ?B)
[2026-08-06T02:45:53.821Z] GET http://localhost:3000/mascots/headphones.png → 200 (1ms, ?B)
[2026-08-06T02:45:57.422Z] GET http://localhost:3000/mascots/working.png → 200 (2ms, ?B)
[2026-08-06T02:45:58.978Z] GET http://localhost:3000/mascots/paragliding.png → 200 (4ms, ?B)
[2026-08-06T02:46:00.778Z] GET http://localhost:3000/mascots/rocket.png → 200 (4ms, ?B)
[2026-08-06T02:46:01.025Z] GET http://localhost:3000/mascots/wizard.png → 200 (7ms, ?B)
[2026-08-06T02:46:02.574Z] GET http://localhost:3000/mascots/sleeping.png → 200 (3ms, ?B)
[2026-08-06T02:46:04.377Z] GET http://localhost:3000/mascots/thinking.png → 200 (4ms, ?B)
[2026-08-06T02:46:07.968Z] GET http://localhost:3000/mascots/cooking.png → 200 (6ms, ?B)
[2026-08-06T02:46:08.238Z] GET http://localhost:3000/mascots/headphones.png → 200 (5ms, ?B)
[2026-08-06T02:46:09.774Z] GET http://localhost:3000/mascots/sherlock.png → 200 (4ms, ?B)
[2026-08-06T02:46:11.845Z] GET http://localhost:3000/mascots/working.png → 200 (2ms, ?B)
[2026-08-06T02:46:16.973Z] GET http://localhost:3000/mascots/paragliding.png → 200 (4ms, ?B)
[2026-08-06T02:46:18.772Z] GET http://localhost:3000/mascots/rocket.png → 200 (4ms, ?B)
[2026-08-06T02:46:20.565Z] GET http://localhost:3000/mascots/sleeping.png → 200 (1ms, ?B)
[2026-08-06T02:46:22.370Z] GET http://localhost:3000/mascots/thinking.png → 200 (5ms, ?B)
[2026-08-06T02:46:22.661Z] GET http://localhost:3000/mascots/headphones.png → 200 (2ms, ?B)
[2026-08-06T02:46:24.166Z] GET http://localhost:3000/mascots/working.png → 200 (1ms, ?B)
[2026-08-06T02:46:25.967Z] GET http://localhost:3000/mascots/cooking.png → 200 (5ms, ?B)
[2026-08-06T02:46:27.774Z] GET http://localhost:3000/mascots/sherlock.png → 200 (4ms, ?B)
[2026-08-06T02:46:29.566Z] GET http://localhost:3000/mascots/wizard.png → 200 (5ms, ?B)
[2026-08-06T02:46:33.169Z] GET http://localhost:3000/mascots/headphones.png → 200 (3ms, ?B)
[2026-08-06T02:46:33.476Z] GET http://localhost:3000/mascots/rocket.png → 200 (2ms, ?B)
[2026-08-06T02:46:34.969Z] GET http://localhost:3000/mascots/paragliding.png → 200 (3ms, ?B)
[2026-08-06T02:46:37.079Z] GET http://localhost:3000/mascots/headphones.png → 200 (2ms, ?B)
[2026-08-06T02:46:38.572Z] GET http://localhost:3000/mascots/sleeping.png → 200 (4ms, ?B)
[2026-08-06T02:46:40.372Z] GET http://localhost:3000/mascots/thinking.png → 200 (4ms, ?B)
[2026-08-06T02:46:40.684Z] GET http://localhost:3000/mascots/working.png → 200 (7ms, ?B)
[2026-08-06T02:46:43.970Z] GET http://localhost:3000/mascots/cooking.png → 200 (8ms, ?B)
[2026-08-06T02:46:44.295Z] GET http://localhost:3000/mascots/wizard.png → 200 (1ms, ?B)
[2026-08-06T02:46:45.764Z] GET http://localhost:3000/mascots/sherlock.png → 200 (6ms, ?B)
[2026-08-06T02:46:47.898Z] GET http://localhost:3000/mascots/rocket.png → 200 (7ms, ?B)
[2026-08-06T02:46:51.167Z] GET http://localhost:3000/mascots/headphones.png → 200 (4ms, ?B)
[2026-08-06T02:46:52.972Z] GET http://localhost:3000/mascots/paragliding.png → 200 (4ms, ?B)
[2026-08-06T02:46:56.569Z] GET http://localhost:3000/mascots/sleeping.png → 200 (4ms, ?B)
[2026-08-06T02:46:58.370Z] GET http://localhost:3000/mascots/thinking.png → 200 (4ms, ?B)
[2026-08-06T02:46:58.718Z] GET http://localhost:3000/mascots/wizard.png → 200 (6ms, ?B)
[2026-08-06T02:47:01.969Z] GET http://localhost:3000/mascots/cooking.png → 200 (3ms, ?B)
[2026-08-06T02:47:02.329Z] GET http://localhost:3000/mascots/rocket.png → 200 (1ms, ?B)
[2026-08-06T02:47:03.772Z] GET http://localhost:3000/mascots/sherlock.png → 200 (5ms, ?B)
[2026-08-06T02:47:05.932Z] GET http://localhost:3000/mascots/headphones.png → 200 (6ms, ?B)
[2026-08-06T02:47:09.543Z] GET http://localhost:3000/mascots/working.png → 200 (1ms, ?B)
[2026-08-06T02:47:10.967Z] GET http://localhost:3000/mascots/paragliding.png → 200 (4ms, ?B)
[2026-08-06T02:47:12.781Z] GET http://localhost:3000/mascots/rocket.png → 200 (5ms, ?B)
[2026-08-06T02:47:13.147Z] GET http://localhost:3000/mascots/wizard.png → 200 (8ms, ?B)
[2026-08-06T02:47:14.569Z] GET http://localhost:3000/mascots/sleeping.png → 200 (4ms, ?B)
[2026-08-06T02:47:16.370Z] GET http://localhost:3000/mascots/thinking.png → 200 (4ms, ?B)
[2026-08-06T02:47:19.970Z] GET http://localhost:3000/mascots/cooking.png → 200 (5ms, ?B)
[2026-08-06T02:47:20.357Z] GET http://localhost:3000/mascots/headphones.png → 200 (1ms, ?B)
[2026-08-06T02:47:21.769Z] GET http://localhost:3000/mascots/sherlock.png → 200 (3ms, ?B)
[2026-08-06T02:47:23.571Z] GET http://localhost:3000/mascots/wizard.png → 200 (5ms, ?B)
[2026-08-06T02:47:23.960Z] GET http://localhost:3000/mascots/working.png → 200 (2ms, ?B)
[2026-08-06T02:47:27.168Z] GET http://localhost:3000/mascots/headphones.png → 200 (4ms, ?B)
[2026-08-06T02:47:27.564Z] GET http://localhost:3000/mascots/wizard.png → 200 (7ms, ?B)
[2026-08-06T02:47:28.970Z] GET http://localhost:3000/mascots/paragliding.png → 200 (5ms, ?B)
[2026-08-06T02:47:30.763Z] GET http://localhost:3000/mascots/rocket.png → 200 (8ms, ?B)
[2026-08-06T02:47:32.569Z] GET http://localhost:3000/mascots/sleeping.png → 200 (4ms, ?B)
[2026-08-06T02:47:34.369Z] GET http://localhost:3000/mascots/thinking.png → 200 (4ms, ?B)
[2026-08-06T02:47:37.970Z] GET http://localhost:3000/mascots/cooking.png → 200 (4ms, ?B)
[2026-08-06T02:47:39.768Z] GET http://localhost:3000/mascots/sherlock.png → 200 (4ms, ?B)
[2026-08-06T02:47:41.569Z] GET http://localhost:3000/mascots/wizard.png → 200 (5ms, ?B)
[2026-08-06T02:47:45.169Z] GET http://localhost:3000/mascots/headphones.png → 200 (4ms, ?B)
[2026-08-06T02:47:45.592Z] GET http://localhost:3000/mascots/rocket.png → 200 (1ms, ?B)
[2026-08-06T02:47:46.970Z] GET http://localhost:3000/mascots/paragliding.png → 200 (4ms, ?B)
[2026-08-06T02:47:50.569Z] GET http://localhost:3000/mascots/sleeping.png → 200 (4ms, ?B)
[2026-08-06T02:47:52.370Z] GET http://localhost:3000/mascots/thinking.png → 200 (4ms, ?B)
[2026-08-06T02:47:52.805Z] GET http://localhost:3000/mascots/working.png → 200 (2ms, ?B)
[2026-08-06T02:47:55.972Z] GET http://localhost:3000/mascots/cooking.png → 200 (5ms, ?B)
[2026-08-06T02:47:56.409Z] GET http://localhost:3000/mascots/wizard.png → 200 (1ms, ?B)
[2026-08-06T02:47:57.768Z] GET http://localhost:3000/mascots/sherlock.png → 200 (4ms, ?B)
[2026-08-06T02:48:00.012Z] GET http://localhost:3000/mascots/rocket.png → 200 (8ms, ?B)
[2026-08-06T02:48:03.168Z] GET http://localhost:3000/mascots/headphones.png → 200 (5ms, ?B)
[2026-08-06T02:48:04.970Z] GET http://localhost:3000/mascots/paragliding.png → 200 (4ms, ?B)
[2026-08-06T02:48:07.224Z] GET http://localhost:3000/mascots/working.png → 200 (2ms, ?B)
[2026-08-06T02:48:08.569Z] GET http://localhost:3000/mascots/sleeping.png → 200 (4ms, ?B)
[2026-08-06T02:48:10.369Z] GET http://localhost:3000/mascots/thinking.png → 200 (4ms, ?B)
[2026-08-06T02:48:10.828Z] GET http://localhost:3000/mascots/wizard.png → 200 (1ms, ?B)
[2026-08-06T02:48:13.969Z] GET http://localhost:3000/mascots/cooking.png → 200 (4ms, ?B)
[2026-08-06T02:48:15.769Z] GET http://localhost:3000/mascots/sherlock.png → 200 (4ms, ?B)
[2026-08-06T02:48:18.042Z] GET http://localhost:3000/mascots/headphones.png → 200 (3ms, ?B)
[2026-08-06T02:48:21.647Z] GET http://localhost:3000/mascots/working.png → 200 (7ms, ?B)
[2026-08-06T02:48:22.967Z] GET http://localhost:3000/mascots/paragliding.png → 200 (4ms, ?B)
[2026-08-06T02:48:25.250Z] GET http://localhost:3000/mascots/wizard.png → 200 (7ms, ?B)
[2026-08-06T02:48:26.568Z] GET http://localhost:3000/mascots/sleeping.png → 200 (4ms, ?B)
[2026-08-06T02:48:28.370Z] GET http://localhost:3000/mascots/thinking.png → 200 (4ms, ?B)
[2026-08-06T02:48:31.970Z] GET http://localhost:3000/mascots/cooking.png → 200 (5ms, ?B)
[2026-08-06T02:48:32.465Z] GET http://localhost:3000/mascots/headphones.png → 200 (7ms, ?B)
[2026-08-06T02:48:33.770Z] GET http://localhost:3000/mascots/sherlock.png → 200 (4ms, ?B)
[2026-08-06T02:48:39.169Z] GET http://localhost:3000/mascots/headphones.png → 200 (4ms, ?B)
[2026-08-06T02:48:40.970Z] GET http://localhost:3000/mascots/paragliding.png → 200 (4ms, ?B)
[2026-08-06T02:48:42.768Z] GET http://localhost:3000/mascots/rocket.png → 200 (4ms, ?B)
[2026-08-06T02:48:44.569Z] GET http://localhost:3000/mascots/sleeping.png → 200 (4ms, ?B)
[2026-08-06T02:48:46.368Z] GET http://localhost:3000/mascots/thinking.png → 200 (4ms, ?B)
[2026-08-06T02:48:46.890Z] GET http://localhost:3000/mascots/headphones.png → 200 (2ms, ?B)
[2026-08-06T02:48:48.166Z] GET http://localhost:3000/mascots/working.png → 200 (4ms, ?B)
[2026-08-06T02:48:49.968Z] GET http://localhost:3000/mascots/cooking.png → 200 (4ms, ?B)
[2026-08-06T02:48:51.767Z] GET http://localhost:3000/mascots/sherlock.png → 200 (4ms, ?B)
[2026-08-06T02:48:53.565Z] GET http://localhost:3000/mascots/wizard.png → 200 (4ms, ?B)
[2026-08-06T02:48:57.169Z] GET http://localhost:3000/mascots/headphones.png → 200 (3ms, ?B)
[2026-08-06T02:48:57.707Z] GET http://localhost:3000/mascots/rocket.png → 200 (2ms, ?B)
[2026-08-06T02:48:58.968Z] GET http://localhost:3000/mascots/paragliding.png → 200 (5ms, ?B)
[2026-08-06T02:49:02.566Z] GET http://localhost:3000/mascots/sleeping.png → 200 (4ms, ?B)
[2026-08-06T02:49:04.368Z] GET http://localhost:3000/mascots/thinking.png → 200 (4ms, ?B)
[2026-08-06T02:49:04.916Z] GET http://localhost:3000/mascots/working.png → 200 (6ms, ?B)
[2026-08-06T02:49:07.968Z] GET http://localhost:3000/mascots/cooking.png → 200 (4ms, ?B)
[2026-08-06T02:49:08.525Z] GET http://localhost:3000/mascots/wizard.png → 200 (2ms, ?B)
[2026-08-06T02:49:09.771Z] GET http://localhost:3000/mascots/sherlock.png → 200 (4ms, ?B)
[2026-08-06T02:49:12.129Z] GET http://localhost:3000/mascots/rocket.png → 200 (8ms, ?B)
[2026-08-06T02:49:15.162Z] GET http://localhost:3000/mascots/headphones.png → 200 (5ms, ?B)
[2026-08-06T02:49:16.962Z] GET http://localhost:3000/mascots/paragliding.png → 200 (6ms, ?B)
[2026-08-06T02:49:19.338Z] GET http://localhost:3000/mascots/working.png → 200 (2ms, ?B)
[2026-08-06T02:49:20.566Z] GET http://localhost:3000/mascots/sleeping.png → 200 (4ms, ?B)
[2026-08-06T02:49:22.361Z] GET http://localhost:3000/mascots/thinking.png → 200 (2ms, ?B)
[2026-08-06T02:49:22.941Z] GET http://localhost:3000/mascots/wizard.png → 200 (1ms, ?B)
[2026-08-06T02:49:25.969Z] GET http://localhost:3000/mascots/cooking.png → 200 (4ms, ?B)
[2026-08-06T02:49:27.768Z] GET http://localhost:3000/mascots/sherlock.png → 200 (4ms, ?B)
[2026-08-06T02:49:30.154Z] GET http://localhost:3000/mascots/headphones.png → 200 (2ms, ?B)
[2026-08-06T02:49:33.759Z] GET http://localhost:3000/mascots/working.png → 200 (3ms, ?B)
[2026-08-06T02:49:34.966Z] GET http://localhost:3000/mascots/paragliding.png → pending (?ms, ?B)
[2026-08-06T02:49:36.770Z] GET http://localhost:3000/mascots/rocket.png → 200 (4ms, ?B)
[2026-08-06T02:49:37.362Z] GET http://localhost:3000/mascots/wizard.png → 200 (1ms, ?B)
[2026-08-06T02:49:38.562Z] GET http://localhost:3000/mascots/sleeping.png → 200 (4ms, ?B)
[2026-08-06T02:49:40.368Z] GET http://localhost:3000/mascots/thinking.png → 200 (4ms, ?B)
[2026-08-06T02:49:43.969Z] GET http://localhost:3000/mascots/cooking.png → 200 (4ms, ?B)
[2026-08-06T02:49:44.574Z] GET http://localhost:3000/mascots/headphones.png → 200 (1ms, ?B)
[2026-08-06T02:49:45.769Z] GET http://localhost:3000/mascots/sherlock.png → 200 (7ms, ?B)
[2026-08-06T02:49:47.571Z] GET http://localhost:3000/mascots/wizard.png → 200 (4ms, ?B)
[2026-08-06T02:49:48.177Z] GET http://localhost:3000/mascots/working.png → 200 (1ms, ?B)
[2026-08-06T02:49:52.968Z] GET http://localhost:3000/mascots/paragliding.png → 200 (4ms, ?B)
[2026-08-06T02:49:54.765Z] GET http://localhost:3000/mascots/rocket.png → 200 (4ms, ?B)
[2026-08-06T02:49:56.568Z] GET http://localhost:3000/mascots/sleeping.png → 200 (4ms, ?B)
[2026-08-06T02:49:58.366Z] GET http://localhost:3000/mascots/thinking.png → 200 (4ms, ?B)
[2026-08-06T02:49:58.997Z] GET http://localhost:3000/mascots/headphones.png → 200 (6ms, ?B)
[2026-08-06T02:50:00.169Z] GET http://localhost:3000/mascots/working.png → 200 (3ms, ?B)
[2026-08-06T02:50:01.965Z] GET http://localhost:3000/mascots/cooking.png → 200 (4ms, ?B)
[2026-08-06T02:50:03.765Z] GET http://localhost:3000/mascots/sherlock.png → 200 (4ms, ?B)
[2026-08-06T02:50:05.626Z] GET http://localhost:3000/mascots/wizard.png → 200 (3ms, ?B)
[2026-08-06T02:50:09.164Z] GET http://localhost:3000/mascots/headphones.png → 200 (3ms, ?B)
[2026-08-06T02:50:09.810Z] GET http://localhost:3000/mascots/rocket.png → 200 (1ms, ?B)
[2026-08-06T02:50:10.967Z] GET http://localhost:3000/mascots/paragliding.png → 200 (4ms, ?B)
[2026-08-06T02:50:14.566Z] GET http://localhost:3000/mascots/sleeping.png → 200 (4ms, ?B)
[2026-08-06T02:50:16.368Z] GET http://localhost:3000/mascots/thinking.png → 200 (4ms, ?B)
[2026-08-06T02:50:17.024Z] GET http://localhost:3000/mascots/working.png → 200 (1ms, ?B)
[2026-08-06T02:50:19.968Z] GET http://localhost:3000/mascots/cooking.png → 200 (4ms, ?B)
[2026-08-06T02:50:20.628Z] GET http://localhost:3000/mascots/wizard.png → 200 (6ms, ?B)
[2026-08-06T02:50:21.772Z] GET http://localhost:3000/mascots/sherlock.png → 200 (4ms, ?B)
[2026-08-06T02:50:24.232Z] GET http://localhost:3000/mascots/rocket.png → 200 (7ms, ?B)
[2026-08-06T02:50:27.168Z] GET http://localhost:3000/mascots/headphones.png → 200 (3ms, ?B)
[2026-08-06T02:50:28.968Z] GET http://localhost:3000/mascots/paragliding.png → 200 (4ms, ?B)
[2026-08-06T02:50:31.449Z] GET http://localhost:3000/mascots/working.png → 200 (8ms, ?B)
[2026-08-06T02:50:32.567Z] GET http://localhost:3000/mascots/sleeping.png → 200 (3ms, ?B)
[2026-08-06T02:50:34.363Z] GET http://localhost:3000/mascots/thinking.png → 200 (4ms, ?B)
[2026-08-06T02:50:35.062Z] GET http://localhost:3000/mascots/wizard.png → 200 (7ms, ?B)
[2026-08-06T02:50:37.965Z] GET http://localhost:3000/mascots/cooking.png → 200 (4ms, ?B)
[2026-08-06T02:50:39.764Z] GET http://localhost:3000/mascots/sherlock.png → 200 (4ms, ?B)
[2026-08-06T02:50:41.563Z] GET http://localhost:3000/mascots/wizard.png → 200 (4ms, ?B)
[2026-08-06T02:50:42.270Z] GET http://localhost:3000/mascots/headphones.png → 200 (1ms, ?B)
[2026-08-06T02:50:45.874Z] GET http://localhost:3000/mascots/working.png → 200 (1ms, ?B)
[2026-08-06T02:50:46.966Z] GET http://localhost:3000/mascots/paragliding.png → 200 (4ms, ?B)
[2026-08-06T02:50:48.765Z] GET http://localhost:3000/mascots/rocket.png → 200 (3ms, ?B)
[2026-08-06T02:50:49.477Z] GET http://localhost:3000/mascots/wizard.png → 200 (1ms, ?B)
[2026-08-06T02:50:50.562Z] GET http://localhost:3000/mascots/sleeping.png → 200 (5ms, ?B)
[2026-08-06T02:50:52.368Z] GET http://localhost:3000/mascots/thinking.png → 200 (2ms, ?B)
[2026-08-06T02:50:55.959Z] GET http://localhost:3000/mascots/cooking.png → 200 (1ms, ?B)
[2026-08-06T02:50:56.692Z] GET http://localhost:3000/mascots/headphones.png → 200 (2ms, ?B)
[2026-08-06T02:50:57.764Z] GET http://localhost:3000/mascots/sherlock.png → 200 (4ms, ?B)
[2026-08-06T02:50:59.564Z] GET http://localhost:3000/mascots/wizard.png → 200 (4ms, ?B)
[2026-08-06T02:51:00.297Z] GET http://localhost:3000/mascots/working.png → 200 (6ms, ?B)
[2026-08-06T02:51:04.959Z] GET http://localhost:3000/mascots/paragliding.png → 200 (3ms, ?B)
[2026-08-06T02:51:06.764Z] GET http://localhost:3000/mascots/rocket.png → 200 (4ms, ?B)
[2026-08-06T02:51:08.564Z] GET http://localhost:3000/mascots/sleeping.png → 200 (4ms, ?B)
[2026-08-06T02:51:10.359Z] GET http://localhost:3000/mascots/thinking.png → 200 (2ms, ?B)
[2026-08-06T02:51:12.162Z] GET http://localhost:3000/mascots/working.png → 200 (5ms, ?B)
[2026-08-06T02:51:13.965Z] GET http://localhost:3000/mascots/cooking.png → 200 (4ms, ?B)
[2026-08-06T02:51:15.771Z] GET http://localhost:3000/mascots/sherlock.png → 200 (4ms, ?B)
[2026-08-06T02:51:17.565Z] GET http://localhost:3000/mascots/wizard.png → 200 (4ms, ?B)
[2026-08-06T02:51:21.164Z] GET http://localhost:3000/mascots/headphones.png → 200 (3ms, ?B)
[2026-08-06T02:51:21.931Z] GET http://localhost:3000/mascots/rocket.png → 200 (6ms, ?B)
[2026-08-06T02:51:22.964Z] GET http://localhost:3000/mascots/paragliding.png → 200 (4ms, ?B)
[2026-08-06T02:51:26.559Z] GET http://localhost:3000/mascots/sleeping.png → 200 (1ms, ?B)
[2026-08-06T02:51:28.363Z] GET http://localhost:3000/mascots/thinking.png → 200 (5ms, ?B)
[2026-08-06T02:51:29.144Z] GET http://localhost:3000/mascots/working.png → 200 (8ms, ?B)
[2026-08-06T02:51:31.964Z] GET http://localhost:3000/mascots/cooking.png → 200 (4ms, ?B)
[2026-08-06T02:51:32.753Z] GET http://localhost:3000/mascots/wizard.png → 200 (1ms, ?B)
[2026-08-06T02:51:33.764Z] GET http://localhost:3000/mascots/sherlock.png → 200 (4ms, ?B)
[2026-08-06T02:51:36.355Z] GET http://localhost:3000/mascots/rocket.png → 200 (2ms, ?B)
[2026-08-06T02:51:39.163Z] GET http://localhost:3000/mascots/headphones.png → 200 (4ms, ?B)
[2026-08-06T02:51:40.960Z] GET http://localhost:3000/mascots/paragliding.png → 200 (2ms, ?B)
[2026-08-06T02:51:43.563Z] GET http://localhost:3000/mascots/working.png → 200 (7ms, ?B)
[2026-08-06T02:51:44.562Z] GET http://localhost:3000/mascots/sleeping.png → 200 (5ms, ?B)
[2026-08-06T02:51:46.363Z] GET http://localhost:3000/mascots/thinking.png → 200 (4ms, ?B)
[2026-08-06T02:51:47.173Z] GET http://localhost:3000/mascots/wizard.png → 200 (1ms, ?B)
[2026-08-06T02:51:49.963Z] GET http://localhost:3000/mascots/cooking.png → 200 (4ms, ?B)
[2026-08-06T02:51:50.777Z] GET http://localhost:3000/mascots/rocket.png → 200 (8ms, ?B)
[2026-08-06T02:51:51.765Z] GET http://localhost:3000/mascots/sherlock.png → 200 (4ms, ?B)
[2026-08-06T02:51:54.386Z] GET http://localhost:3000/mascots/headphones.png → 200 (1ms, ?B)
[2026-08-06T02:51:57.989Z] GET http://localhost:3000/mascots/working.png → 200 (3ms, ?B)
[2026-08-06T02:51:58.962Z] GET http://localhost:3000/mascots/paragliding.png → 200 (4ms, ?B)
[2026-08-06T02:52:00.764Z] GET http://localhost:3000/mascots/rocket.png → 200 (4ms, ?B)
[2026-08-06T02:52:01.593Z] GET http://localhost:3000/mascots/wizard.png → 200 (1ms, ?B)
[2026-08-06T02:52:02.564Z] GET http://localhost:3000/mascots/sleeping.png → 200 (4ms, ?B)
[2026-08-06T02:52:04.364Z] GET http://localhost:3000/mascots/thinking.png → 200 (4ms, ?B)
[2026-08-06T02:52:06.164Z] GET http://localhost:3000/mascots/working.png → 200 (4ms, ?B)
[2026-08-06T02:52:07.964Z] GET http://localhost:3000/mascots/cooking.png → 200 (4ms, ?B)
[2026-08-06T02:52:08.807Z] GET http://localhost:3000/mascots/headphones.png → 200 (1ms, ?B)
[2026-08-06T02:52:09.765Z] GET http://localhost:3000/mascots/sherlock.png → 200 (4ms, ?B)
[2026-08-06T02:52:11.564Z] GET http://localhost:3000/mascots/wizard.png → 200 (4ms, ?B)
[2026-08-06T02:52:15.161Z] GET http://localhost:3000/mascots/headphones.png → 200 (5ms, ?B)
[2026-08-06T02:52:16.019Z] GET http://localhost:3000/mascots/wizard.png → 200 (3ms, ?B)
[2026-08-06T02:52:16.964Z] GET http://localhost:3000/mascots/paragliding.png → 200 (4ms, ?B)
[2026-08-06T02:52:18.764Z] GET http://localhost:3000/mascots/rocket.png → 200 (4ms, ?B)
[2026-08-06T02:52:20.559Z] GET http://localhost:3000/mascots/sleeping.png → 200 (2ms, ?B)
[2026-08-06T02:52:22.364Z] GET http://localhost:3000/mascots/thinking.png → 200 (4ms, ?B)
[2026-08-06T02:52:24.161Z] GET http://localhost:3000/mascots/working.png → 200 (5ms, ?B)
[2026-08-06T02:52:25.963Z] GET http://localhost:3000/mascots/cooking.png → 200 (4ms, ?B)
[2026-08-06T02:52:27.763Z] GET http://localhost:3000/mascots/sherlock.png → 200 (4ms, ?B)
[2026-08-06T02:52:29.565Z] GET http://localhost:3000/mascots/wizard.png → 200 (5ms, ?B)
[2026-08-06T02:52:33.163Z] GET http://localhost:3000/mascots/headphones.png → 200 (4ms, ?B)
[2026-08-06T02:52:34.044Z] GET http://localhost:3000/mascots/rocket.png → 200 (7ms, ?B)
[2026-08-06T02:52:34.963Z] GET http://localhost:3000/mascots/paragliding.png → 200 (4ms, ?B)
[2026-08-06T02:52:38.563Z] GET http://localhost:3000/mascots/sleeping.png → 200 (4ms, ?B)
[2026-08-06T02:52:40.362Z] GET http://localhost:3000/mascots/thinking.png → 200 (4ms, ?B)
[2026-08-06T02:52:41.255Z] GET http://localhost:3000/mascots/working.png → 200 (2ms, ?B)
[2026-08-06T02:52:43.963Z] GET http://localhost:3000/mascots/cooking.png → 200 (4ms, ?B)
[2026-08-06T02:52:44.859Z] GET http://localhost:3000/mascots/wizard.png → 200 (1ms, ?B)
[2026-08-06T02:52:45.762Z] GET http://localhost:3000/mascots/sherlock.png → 200 (4ms, ?B)
[2026-08-06T02:52:48.463Z] GET http://localhost:3000/mascots/rocket.png → 200 (7ms, ?B)
[2026-08-06T02:52:51.163Z] GET http://localhost:3000/mascots/headphones.png → 200 (4ms, ?B)
[2026-08-06T02:52:52.963Z] GET http://localhost:3000/mascots/paragliding.png → 200 (4ms, ?B)
[2026-08-06T02:52:55.677Z] GET http://localhost:3000/mascots/working.png → 200 (8ms, ?B)
[2026-08-06T02:52:56.562Z] GET http://localhost:3000/mascots/sleeping.png → 200 (4ms, ?B)
[2026-08-06T02:52:58.363Z] GET http://localhost:3000/mascots/thinking.png → 200 (4ms, ?B)
[2026-08-06T02:52:59.285Z] GET http://localhost:3000/mascots/wizard.png → 200 (2ms, ?B)
[2026-08-06T02:53:01.963Z] GET http://localhost:3000/mascots/cooking.png → 200 (4ms, ?B)
[2026-08-06T02:53:02.888Z] GET http://localhost:3000/mascots/rocket.png → 200 (1ms, ?B)
[2026-08-06T02:53:03.764Z] GET http://localhost:3000/mascots/sherlock.png → 200 (4ms, ?B)
[2026-08-06T02:53:06.491Z] GET http://localhost:3000/mascots/headphones.png → 200 (3ms, ?B)
[2026-08-06T02:53:10.096Z] GET http://localhost:3000/mascots/working.png → 200 (7ms, ?B)
[2026-08-06T02:53:10.962Z] GET http://localhost:3000/mascots/paragliding.png → 200 (4ms, ?B)
[2026-08-06T02:53:12.763Z] GET http://localhost:3000/mascots/rocket.png → 200 (3ms, ?B)
[2026-08-06T02:53:13.707Z] GET http://localhost:3000/mascots/wizard.png → 200 (1ms, ?B)
[2026-08-06T02:53:14.562Z] GET http://localhost:3000/mascots/sleeping.png → 200 (4ms, ?B)
[2026-08-06T02:53:16.363Z] GET http://localhost:3000/mascots/thinking.png → 200 (4ms, ?B)
[2026-08-06T02:53:17.311Z] GET http://localhost:3000/mascots/rocket.png → 200 (7ms, ?B)
[2026-08-06T02:53:18.160Z] GET http://localhost:3000/mascots/working.png → 200 (5ms, ?B)
[2026-08-06T02:53:19.963Z] GET http://localhost:3000/mascots/cooking.png → 200 (5ms, ?B)
[2026-08-06T02:53:20.918Z] GET http://localhost:3000/mascots/headphones.png → 200 (2ms, ?B)
[2026-08-06T02:53:21.763Z] GET http://localhost:3000/mascots/sherlock.png → 200 (4ms, ?B)
[2026-08-06T02:53:27.162Z] GET http://localhost:3000/mascots/headphones.png → 200 (4ms, ?B)
[2026-08-06T02:53:28.125Z] GET http://localhost:3000/mascots/wizard.png → 200 (2ms, ?B)
[2026-08-06T02:53:28.964Z] GET http://localhost:3000/mascots/paragliding.png → 200 (4ms, ?B)
[2026-08-06T02:53:30.764Z] GET http://localhost:3000/mascots/rocket.png → 200 (3ms, ?B)
[2026-08-06T02:53:32.563Z] GET http://localhost:3000/mascots/sleeping.png → 200 (4ms, ?B)
[2026-08-06T02:53:34.362Z] GET http://localhost:3000/mascots/thinking.png → 200 (4ms, ?B)
[2026-08-06T02:53:36.162Z] GET http://localhost:3000/mascots/working.png → 200 (5ms, ?B)
[2026-08-06T02:53:37.963Z] GET http://localhost:3000/mascots/cooking.png → 200 (4ms, ?B)
[2026-08-06T02:53:39.769Z] GET http://localhost:3000/mascots/sherlock.png → 200 (4ms, ?B)
[2026-08-06T02:53:41.563Z] GET http://localhost:3000/mascots/wizard.png → 200 (3ms, ?B)
[2026-08-06T02:53:45.162Z] GET http://localhost:3000/mascots/headphones.png → 200 (4ms, ?B)
[2026-08-06T02:53:46.150Z] GET http://localhost:3000/mascots/rocket.png → 200 (1ms, ?B)
[2026-08-06T02:53:46.963Z] GET http://localhost:3000/mascots/paragliding.png → 200 (4ms, ?B)
[2026-08-06T02:53:50.563Z] GET http://localhost:3000/mascots/sleeping.png → 200 (5ms, ?B)
[2026-08-06T02:53:52.363Z] GET http://localhost:3000/mascots/thinking.png → 200 (4ms, ?B)
[2026-08-06T02:53:53.357Z] GET http://localhost:3000/mascots/working.png → 200 (1ms, ?B)
[2026-08-06T02:53:55.963Z] GET http://localhost:3000/mascots/cooking.png → 200 (4ms, ?B)
[2026-08-06T02:53:56.961Z] GET http://localhost:3000/mascots/wizard.png → 200 (7ms, ?B)
[2026-08-06T02:53:57.765Z] GET http://localhost:3000/mascots/sherlock.png → 200 (4ms, ?B)
[2026-08-06T02:54:00.569Z] GET http://localhost:3000/mascots/rocket.png → 200 (1ms, ?B)
[2026-08-06T02:54:03.163Z] GET http://localhost:3000/mascots/headphones.png → 200 (4ms, ?B)
[2026-08-06T02:54:04.963Z] GET http://localhost:3000/mascots/paragliding.png → 200 (4ms, ?B)
[2026-08-06T02:54:07.776Z] GET http://localhost:3000/mascots/working.png → 200 (8ms, ?B)
[2026-08-06T02:54:08.562Z] GET http://localhost:3000/mascots/sleeping.png → 200 (4ms, ?B)
[2026-08-06T02:54:10.363Z] GET http://localhost:3000/mascots/thinking.png → 200 (4ms, ?B)
[2026-08-06T02:54:11.383Z] GET http://localhost:3000/mascots/wizard.png → 200 (4ms, ?B)
[2026-08-06T02:54:13.959Z] GET http://localhost:3000/mascots/cooking.png → 200 (8ms, ?B)
[2026-08-06T02:54:14.988Z] GET http://localhost:3000/mascots/rocket.png → 200 (2ms, ?B)
[2026-08-06T02:54:15.764Z] GET http://localhost:3000/mascots/sherlock.png → 200 (5ms, ?B)
[2026-08-06T02:54:18.591Z] GET http://localhost:3000/mascots/headphones.png → 200 (1ms, ?B)
[2026-08-06T02:54:22.196Z] GET http://localhost:3000/mascots/working.png → 200 (4ms, ?B)
[2026-08-06T02:54:22.963Z] GET http://localhost:3000/mascots/paragliding.png → 200 (4ms, ?B)
[2026-08-06T02:54:25.803Z] GET http://localhost:3000/mascots/wizard.png → 200 (1ms, ?B)
[2026-08-06T02:54:26.563Z] GET http://localhost:3000/mascots/sleeping.png → 200 (4ms, ?B)
[2026-08-06T02:54:28.366Z] GET http://localhost:3000/mascots/thinking.png → 200 (4ms, ?B)
[2026-08-06T02:54:31.963Z] GET http://localhost:3000/mascots/cooking.png → 200 (5ms, ?B)
[2026-08-06T02:54:33.010Z] GET http://localhost:3000/mascots/headphones.png → 200 (8ms, ?B)
[2026-08-06T02:54:33.763Z] GET http://localhost:3000/mascots/sherlock.png → 200 (4ms, ?B)
[2026-08-06T02:54:36.617Z] GET http://localhost:3000/mascots/working.png → 200 (1ms, ?B)
[2026-08-06T02:54:40.959Z] GET http://localhost:3000/mascots/paragliding.png → 200 (5ms, ?B)
[2026-08-06T02:54:42.762Z] GET http://localhost:3000/mascots/rocket.png → 200 (5ms, ?B)
[2026-08-06T02:54:44.564Z] GET http://localhost:3000/mascots/sleeping.png → 200 (5ms, ?B)
[2026-08-06T02:54:46.364Z] GET http://localhost:3000/mascots/thinking.png → 200 (4ms, ?B)
[2026-08-06T02:54:47.426Z] GET http://localhost:3000/mascots/headphones.png → 200 (7ms, ?B)
[2026-08-06T02:54:48.163Z] GET http://localhost:3000/mascots/working.png → 200 (4ms, ?B)
[2026-08-06T02:54:49.963Z] GET http://localhost:3000/mascots/cooking.png → 200 (5ms, ?B)
[2026-08-06T02:54:51.762Z] GET http://localhost:3000/mascots/sherlock.png → 200 (4ms, ?B)
[2026-08-06T02:54:53.558Z] GET http://localhost:3000/mascots/wizard.png → 200 (2ms, ?B)
[2026-08-06T02:54:57.164Z] GET http://localhost:3000/mascots/headphones.png → 200 (4ms, ?B)
[2026-08-06T02:54:58.239Z] GET http://localhost:3000/mascots/rocket.png → 200 (1ms, ?B)
[2026-08-06T02:54:58.960Z] GET http://localhost:3000/mascots/paragliding.png → 200 (5ms, ?B)
[2026-08-06T02:55:02.561Z] GET http://localhost:3000/mascots/sleeping.png → 200 (4ms, ?B)
[2026-08-06T02:55:04.362Z] GET http://localhost:3000/mascots/thinking.png → 200 (4ms, ?B)
[2026-08-06T02:55:05.450Z] GET http://localhost:3000/mascots/working.png → 200 (2ms, ?B)
[2026-08-06T02:55:07.963Z] GET http://localhost:3000/mascots/cooking.png → 200 (4ms, ?B)
[2026-08-06T02:55:09.053Z] GET http://localhost:3000/mascots/wizard.png → 200 (1ms, ?B)
[2026-08-06T02:55:09.763Z] GET http://localhost:3000/mascots/sherlock.png → 200 (4ms, ?B)
[2026-08-06T02:55:12.657Z] GET http://localhost:3000/mascots/rocket.png → 200 (1ms, ?B)
[2026-08-06T02:55:15.162Z] GET http://localhost:3000/mascots/headphones.png → 200 (4ms, ?B)
[2026-08-06T02:55:16.963Z] GET http://localhost:3000/mascots/paragliding.png → 200 (4ms, ?B)
[2026-08-06T02:55:19.871Z] GET http://localhost:3000/mascots/working.png → 200 (1ms, ?B)
[2026-08-06T02:55:20.568Z] GET http://localhost:3000/mascots/sleeping.png → 200 (4ms, ?B)
[2026-08-06T02:55:22.362Z] GET http://localhost:3000/mascots/thinking.png → 200 (4ms, ?B)
[2026-08-06T02:55:23.475Z] GET http://localhost:3000/mascots/wizard.png → 200 (2ms, ?B)
[2026-08-06T02:55:25.962Z] GET http://localhost:3000/mascots/cooking.png → 200 (4ms, ?B)
[2026-08-06T02:55:27.079Z] GET http://localhost:3000/mascots/rocket.png → 200 (6ms, ?B)
[2026-08-06T02:55:27.763Z] GET http://localhost:3000/mascots/sherlock.png → 200 (4ms, ?B)
[2026-08-06T02:55:30.688Z] GET http://localhost:3000/mascots/headphones.png → 200 (2ms, ?B)
[2026-08-06T02:55:34.293Z] GET http://localhost:3000/mascots/working.png → 200 (7ms, ?B)
[2026-08-06T02:55:34.963Z] GET http://localhost:3000/mascots/paragliding.png → 200 (4ms, ?B)
[2026-08-06T02:55:36.764Z] GET http://localhost:3000/mascots/rocket.png → 200 (4ms, ?B)
[2026-08-06T02:55:37.901Z] GET http://localhost:3000/mascots/wizard.png → 200 (1ms, ?B)
[2026-08-06T02:55:38.562Z] GET http://localhost:3000/mascots/sleeping.png → 200 (4ms, ?B)
[2026-08-06T02:55:40.364Z] GET http://localhost:3000/mascots/thinking.png → 200 (3ms, ?B)
[2026-08-06T02:55:43.964Z] GET http://localhost:3000/mascots/cooking.png → 200 (4ms, ?B)
[2026-08-06T02:55:45.107Z] GET http://localhost:3000/mascots/headphones.png → 200 (2ms, ?B)
[2026-08-06T02:55:45.763Z] GET http://localhost:3000/mascots/sherlock.png → 200 (4ms, ?B)
[2026-08-06T02:55:47.566Z] GET http://localhost:3000/mascots/wizard.png → 200 (4ms, ?B)
[2026-08-06T02:55:48.711Z] GET http://localhost:3000/mascots/working.png → 200 (5ms, ?B)
[2026-08-06T02:55:51.164Z] GET http://localhost:3000/mascots/headphones.png → 200 (3ms, ?B)
[2026-08-06T02:55:52.320Z] GET http://localhost:3000/mascots/wizard.png → 200 (2ms, ?B)
[2026-08-06T02:55:52.964Z] GET http://localhost:3000/mascots/paragliding.png → 200 (4ms, ?B)
[2026-08-06T02:55:54.763Z] GET http://localhost:3000/mascots/rocket.png → 200 (4ms, ?B)
[2026-08-06T02:55:56.562Z] GET http://localhost:3000/mascots/sleeping.png → 200 (4ms, ?B)
[2026-08-06T02:55:58.363Z] GET http://localhost:3000/mascots/thinking.png → 200 (4ms, ?B)
[2026-08-06T02:56:01.959Z] GET http://localhost:3000/mascots/cooking.png → 200 (5ms, ?B)
[2026-08-06T02:56:03.765Z] GET http://localhost:3000/mascots/sherlock.png → 200 (4ms, ?B)
[2026-08-06T02:56:05.561Z] GET http://localhost:3000/mascots/wizard.png → 200 (3ms, ?B)
[2026-08-06T02:56:09.162Z] GET http://localhost:3000/mascots/headphones.png → 200 (4ms, ?B)
[2026-08-06T02:56:10.344Z] GET http://localhost:3000/mascots/rocket.png → 200 (6ms, ?B)
[2026-08-06T02:56:10.964Z] GET http://localhost:3000/mascots/paragliding.png → 200 (4ms, ?B)
[2026-08-06T02:56:14.561Z] GET http://localhost:3000/mascots/sleeping.png → 200 (3ms, ?B)
[2026-08-06T02:56:16.361Z] GET http://localhost:3000/mascots/thinking.png → 200 (4ms, ?B)
[2026-08-06T02:56:17.557Z] GET http://localhost:3000/mascots/working.png → 200 (2ms, ?B)
[2026-08-06T02:56:19.963Z] GET http://localhost:3000/mascots/cooking.png → 200 (4ms, ?B)
[2026-08-06T02:56:21.166Z] GET http://localhost:3000/mascots/wizard.png → 200 (2ms, ?B)
[2026-08-06T02:56:21.763Z] GET http://localhost:3000/mascots/sherlock.png → 200 (4ms, ?B)
[2026-08-06T02:56:24.769Z] GET http://localhost:3000/mascots/rocket.png → 200 (1ms, ?B)
[2026-08-06T02:56:27.160Z] GET http://localhost:3000/mascots/headphones.png → 200 (2ms, ?B)
[2026-08-06T02:56:28.958Z] GET http://localhost:3000/mascots/paragliding.png → 200 (4ms, ?B)
[2026-08-06T02:56:31.976Z] GET http://localhost:3000/mascots/working.png → 200 (7ms, ?B)
[2026-08-06T02:56:32.560Z] GET http://localhost:3000/mascots/sleeping.png → 200 (4ms, ?B)
[2026-08-06T02:56:34.363Z] GET http://localhost:3000/mascots/thinking.png → 200 (3ms, ?B)
[2026-08-06T02:56:35.583Z] GET http://localhost:3000/mascots/wizard.png → 200 (1ms, ?B)
[2026-08-06T02:56:37.963Z] GET http://localhost:3000/mascots/cooking.png → 200 (4ms, ?B)
[2026-08-06T02:56:39.186Z] GET http://localhost:3000/mascots/rocket.png → 200 (1ms, ?B)
[2026-08-06T02:56:39.763Z] GET http://localhost:3000/mascots/sherlock.png → 200 (3ms, ?B)
[2026-08-06T02:56:42.789Z] GET http://localhost:3000/mascots/headphones.png → 200 (2ms, ?B)
[2026-08-06T02:56:46.393Z] GET http://localhost:3000/mascots/working.png → 200 (6ms, ?B)
[2026-08-06T02:56:46.963Z] GET http://localhost:3000/mascots/paragliding.png → 200 (3ms, ?B)
[2026-08-06T02:56:48.764Z] GET http://localhost:3000/mascots/rocket.png → 200 (4ms, ?B)
[2026-08-06T02:56:50.563Z] GET http://localhost:3000/mascots/sleeping.png → 200 (4ms, ?B)
[2026-08-06T02:56:52.363Z] GET http://localhost:3000/mascots/thinking.png → 200 (4ms, ?B)
[2026-08-06T02:56:54.164Z] GET http://localhost:3000/mascots/working.png → 200 (4ms, ?B)
[2026-08-06T02:56:55.963Z] GET http://localhost:3000/mascots/cooking.png → 200 (4ms, ?B)
[2026-08-06T02:56:57.210Z] GET http://localhost:3000/mascots/headphones.png → 200 (6ms, ?B)
[2026-08-06T02:56:57.763Z] GET http://localhost:3000/mascots/sherlock.png → 200 (4ms, ?B)
[2026-08-06T02:57:00.819Z] GET http://localhost:3000/mascots/working.png → 200 (2ms, ?B)
[2026-08-06T02:57:04.962Z] GET http://localhost:3000/mascots/paragliding.png → 200 (4ms, ?B)
[2026-08-06T02:57:06.764Z] GET http://localhost:3000/mascots/rocket.png → 200 (4ms, ?B)
[2026-08-06T02:57:08.562Z] GET http://localhost:3000/mascots/sleeping.png → 200 (4ms, ?B)
[2026-08-06T02:57:10.363Z] GET http://localhost:3000/mascots/thinking.png → 200 (4ms, ?B)
[2026-08-06T02:57:11.637Z] GET http://localhost:3000/mascots/headphones.png → 200 (1ms, ?B)
[2026-08-06T02:57:12.163Z] GET http://localhost:3000/mascots/working.png → 200 (4ms, ?B)
[2026-08-06T02:57:13.963Z] GET http://localhost:3000/mascots/cooking.png → 200 (4ms, ?B)
[2026-08-06T02:57:15.760Z] GET http://localhost:3000/mascots/sherlock.png → 200 (4ms, ?B)
[2026-08-06T02:57:17.562Z] GET http://localhost:3000/mascots/wizard.png → 200 (4ms, ?B)
[2026-08-06T02:57:21.159Z] GET http://localhost:3000/mascots/headphones.png → 200 (4ms, ?B)
[2026-08-06T02:57:22.449Z] GET http://localhost:3000/mascots/rocket.png → 200 (2ms, ?B)
[2026-08-06T02:57:22.959Z] GET http://localhost:3000/mascots/paragliding.png → 200 (4ms, ?B)
[2026-08-06T02:57:26.561Z] GET http://localhost:3000/mascots/sleeping.png → 200 (4ms, ?B)
[2026-08-06T02:57:28.361Z] GET http://localhost:3000/mascots/thinking.png → 200 (4ms, ?B)
[2026-08-06T02:57:29.655Z] GET http://localhost:3000/mascots/working.png → 200 (2ms, ?B)
[2026-08-06T02:57:31.961Z] GET http://localhost:3000/mascots/cooking.png → 200 (4ms, ?B)
[2026-08-06T02:57:33.259Z] GET http://localhost:3000/mascots/wizard.png → 200 (5ms, ?B)
[2026-08-06T02:57:33.759Z] GET http://localhost:3000/mascots/sherlock.png → 200 (3ms, ?B)
[2026-08-06T02:57:36.867Z] GET http://localhost:3000/mascots/rocket.png → 200 (1ms, ?B)
[2026-08-06T02:57:39.161Z] GET http://localhost:3000/mascots/headphones.png → 200 (3ms, ?B)
[2026-08-06T02:57:40.963Z] GET http://localhost:3000/mascots/paragliding.png → 200 (6ms, ?B)
[2026-08-06T02:57:44.075Z] GET http://localhost:3000/mascots/working.png → 200 (7ms, ?B)
[2026-08-06T02:57:44.560Z] GET http://localhost:3000/mascots/sleeping.png → 200 (4ms, ?B)
[2026-08-06T02:57:46.363Z] GET http://localhost:3000/mascots/thinking.png → 200 (4ms, ?B)
[2026-08-06T02:57:47.681Z] GET http://localhost:3000/mascots/wizard.png → 200 (2ms, ?B)
[2026-08-06T02:57:49.964Z] GET http://localhost:3000/mascots/cooking.png → 200 (3ms, ?B)
[2026-08-06T02:57:51.760Z] GET http://localhost:3000/mascots/sherlock.png → 200 (3ms, ?B)
[2026-08-06T02:57:53.563Z] GET http://localhost:3000/mascots/wizard.png → 200 (4ms, ?B)
[2026-08-06T02:57:54.886Z] GET http://localhost:3000/mascots/headphones.png → 200 (2ms, ?B)
[2026-08-06T02:57:58.490Z] GET http://localhost:3000/mascots/working.png → 200 (1ms, ?B)
[2026-08-06T02:57:58.965Z] GET http://localhost:3000/mascots/paragliding.png → 200 (4ms, ?B)
[2026-08-06T02:58:00.760Z] GET http://localhost:3000/mascots/rocket.png → 200 (4ms, ?B)
[2026-08-06T02:58:02.094Z] GET http://localhost:3000/mascots/wizard.png → 200 (5ms, ?B)
[2026-08-06T02:58:02.560Z] GET http://localhost:3000/mascots/sleeping.png → 200 (4ms, ?B)
[2026-08-06T02:58:04.363Z] GET http://localhost:3000/mascots/thinking.png → 200 (4ms, ?B)
[2026-08-06T02:58:07.964Z] GET http://localhost:3000/mascots/cooking.png → 200 (4ms, ?B)
[2026-08-06T02:58:09.306Z] GET http://localhost:3000/mascots/headphones.png → 200 (2ms, ?B)
[2026-08-06T02:58:09.761Z] GET http://localhost:3000/mascots/sherlock.png → 200 (3ms, ?B)
[2026-08-06T02:58:11.563Z] GET http://localhost:3000/mascots/wizard.png → 200 (5ms, ?B)
[2026-08-06T02:58:12.911Z] GET http://localhost:3000/mascots/working.png → 200 (7ms, ?B)
[2026-08-06T02:58:16.522Z] GET http://localhost:3000/mascots/wizard.png → 200 (2ms, ?B)
[2026-08-06T02:58:16.963Z] GET http://localhost:3000/mascots/paragliding.png → 200 (4ms, ?B)
[2026-08-06T02:58:18.762Z] GET http://localhost:3000/mascots/rocket.png → 200 (5ms, ?B)
[2026-08-06T02:58:20.563Z] GET http://localhost:3000/mascots/sleeping.png → 200 (5ms, ?B)
[2026-08-06T02:58:22.363Z] GET http://localhost:3000/mascots/thinking.png → 200 (5ms, ?B)
[2026-08-06T02:58:25.964Z] GET http://localhost:3000/mascots/cooking.png → 200 (4ms, ?B)
[2026-08-06T02:58:27.761Z] GET http://localhost:3000/mascots/sherlock.png → 200 (4ms, ?B)
[2026-08-06T02:58:29.563Z] GET http://localhost:3000/mascots/wizard.png → 200 (5ms, ?B)
[2026-08-06T02:58:34.550Z] GET http://localhost:3000/mascots/rocket.png → 200 (1ms, ?B)
[2026-08-06T02:58:34.960Z] GET http://localhost:3000/mascots/paragliding.png → 200 (4ms, ?B)
[2026-08-06T02:58:38.562Z] GET http://localhost:3000/mascots/sleeping.png → 200 (4ms, ?B)
[2026-08-06T02:58:40.362Z] GET http://localhost:3000/mascots/thinking.png → 200 (4ms, ?B)
[2026-08-06T02:58:41.757Z] GET http://localhost:3000/mascots/working.png → 200 (9ms, ?B)
[2026-08-06T02:58:43.964Z] GET http://localhost:3000/mascots/cooking.png → 200 (4ms, ?B)
[2026-08-06T02:58:45.361Z] GET http://localhost:3000/mascots/wizard.png → 200 (7ms, ?B)
[2026-08-06T02:58:45.763Z] GET http://localhost:3000/mascots/sherlock.png → 200 (4ms, ?B)
[2026-08-06T02:58:48.971Z] GET http://localhost:3000/mascots/rocket.png → 200 (2ms, ?B)
[2026-08-06T02:58:51.163Z] GET http://localhost:3000/mascots/headphones.png → 200 (4ms, ?B)
[2026-08-06T02:58:52.961Z] GET http://localhost:3000/mascots/paragliding.png → 200 (4ms, ?B)
[2026-08-06T02:58:56.184Z] GET http://localhost:3000/mascots/working.png → 200 (1ms, ?B)
[2026-08-06T02:58:56.559Z] GET http://localhost:3000/mascots/sleeping.png → 200 (3ms, ?B)
[2026-08-06T02:58:58.363Z] GET http://localhost:3000/mascots/thinking.png → 200 (4ms, ?B)
[2026-08-06T02:58:59.787Z] GET http://localhost:3000/mascots/wizard.png → 200 (2ms, ?B)
[2026-08-06T02:59:01.963Z] GET http://localhost:3000/mascots/cooking.png → 200 (4ms, ?B)
[2026-08-06T02:59:03.391Z] GET http://localhost:3000/mascots/rocket.png → 200 (6ms, ?B)
[2026-08-06T02:59:03.761Z] GET http://localhost:3000/mascots/sherlock.png → 200 (4ms, ?B)
[2026-08-06T02:59:06.997Z] GET http://localhost:3000/mascots/headphones.png → 200 (2ms, ?B)
[2026-08-06T02:59:10.600Z] GET http://localhost:3000/mascots/working.png → 200 (2ms, ?B)
[2026-08-06T02:59:10.965Z] GET http://localhost:3000/mascots/paragliding.png → 200 (4ms, ?B)
[2026-08-06T02:59:12.762Z] GET http://localhost:3000/mascots/rocket.png → 200 (4ms, ?B)
[2026-08-06T02:59:14.204Z] GET http://localhost:3000/mascots/wizard.png → 200 (1ms, ?B)
[2026-08-06T02:59:14.561Z] GET http://localhost:3000/mascots/sleeping.png → 200 (4ms, ?B)
[2026-08-06T02:59:16.359Z] GET http://localhost:3000/mascots/thinking.png → 200 (3ms, ?B)
[2026-08-06T02:59:18.160Z] GET http://localhost:3000/mascots/working.png → 200 (4ms, ?B)
[2026-08-06T02:59:19.962Z] GET http://localhost:3000/mascots/cooking.png → 200 (4ms, ?B)
[2026-08-06T02:59:21.413Z] GET http://localhost:3000/mascots/headphones.png → 200 (1ms, ?B)
[2026-08-06T02:59:21.760Z] GET http://localhost:3000/mascots/sherlock.png → 200 (4ms, ?B)
[2026-08-06T02:59:23.561Z] GET http://localhost:3000/mascots/wizard.png → 200 (4ms, ?B)
[2026-08-06T02:59:27.160Z] GET http://localhost:3000/mascots/headphones.png → 200 (3ms, ?B)
[2026-08-06T02:59:28.619Z] GET http://localhost:3000/mascots/wizard.png → 200 (2ms, ?B)
[2026-08-06T02:59:28.960Z] GET http://localhost:3000/mascots/paragliding.png → 200 (3ms, ?B)
[2026-08-06T02:59:30.759Z] GET http://localhost:3000/mascots/rocket.png → 200 (3ms, ?B)
[2026-08-06T02:59:32.560Z] GET http://localhost:3000/mascots/sleeping.png → 200 (3ms, ?B)
[2026-08-06T02:59:34.360Z] GET http://localhost:3000/mascots/thinking.png → 200 (4ms, ?B)
[2026-08-06T02:59:36.160Z] GET http://localhost:3000/mascots/working.png → 200 (3ms, ?B)
[2026-08-06T02:59:37.960Z] GET http://localhost:3000/mascots/cooking.png → 200 (3ms, ?B)
[2026-08-06T02:59:39.758Z] GET http://localhost:3000/mascots/sherlock.png → 200 (3ms, ?B)
[2026-08-06T02:59:41.559Z] GET http://localhost:3000/mascots/wizard.png → 200 (3ms, ?B)
[2026-08-06T02:59:45.161Z] GET http://localhost:3000/mascots/headphones.png → 200 (4ms, ?B)
[2026-08-06T02:59:46.636Z] GET http://localhost:3000/mascots/rocket.png → 200 (1ms, ?B)
[2026-08-06T02:59:46.958Z] GET http://localhost:3000/mascots/paragliding.png → 200 (3ms, ?B)
[2026-08-06T02:59:50.559Z] GET http://localhost:3000/mascots/sleeping.png → 200 (4ms, ?B)
[2026-08-06T02:59:52.362Z] GET http://localhost:3000/mascots/thinking.png → 200 (4ms, ?B)
[2026-08-06T02:59:53.846Z] GET http://localhost:3000/mascots/working.png → 200 (1ms, ?B)
[2026-08-06T02:59:55.961Z] GET http://localhost:3000/mascots/cooking.png → 200 (3ms, ?B)
[2026-08-06T02:59:57.448Z] GET http://localhost:3000/mascots/wizard.png → 200 (1ms, ?B)
[2026-08-06T02:59:57.759Z] GET http://localhost:3000/mascots/sherlock.png → 200 (3ms, ?B)
[2026-08-06T03:00:01.051Z] GET http://localhost:3000/mascots/rocket.png → 200 (1ms, ?B)
[2026-08-06T03:00:03.162Z] GET http://localhost:3000/mascots/headphones.png → 200 (3ms, ?B)
[2026-08-06T03:00:04.960Z] GET http://localhost:3000/mascots/paragliding.png → 200 (3ms, ?B)
[2026-08-06T03:00:08.258Z] GET http://localhost:3000/mascots/working.png → 200 (6ms, ?B)
[2026-08-06T03:00:08.562Z] GET http://localhost:3000/mascots/sleeping.png → pending (?ms, ?B)
[2026-08-06T03:00:10.358Z] GET http://localhost:3000/mascots/thinking.png → 200 (3ms, ?B)
[2026-08-06T03:00:11.868Z] GET http://localhost:3000/mascots/wizard.png → 200 (1ms, ?B)
[2026-08-06T03:00:13.959Z] GET http://localhost:3000/mascots/cooking.png → 200 (3ms, ?B)
[2026-08-06T03:00:15.470Z] GET http://localhost:3000/mascots/rocket.png → 200 (1ms, ?B)
[2026-08-06T03:00:15.759Z] GET http://localhost:3000/mascots/sherlock.png → 200 (3ms, ?B)
[2026-08-06T03:00:19.073Z] GET http://localhost:3000/mascots/headphones.png → 200 (6ms, ?B)
[2026-08-06T03:00:22.680Z] GET http://localhost:3000/mascots/working.png → 200 (2ms, ?B)
[2026-08-06T03:00:22.960Z] GET http://localhost:3000/mascots/paragliding.png → 200 (4ms, ?B)
[2026-08-06T03:00:26.283Z] GET http://localhost:3000/mascots/wizard.png → 200 (2ms, ?B)
[2026-08-06T03:00:26.559Z] GET http://localhost:3000/mascots/sleeping.png → 200 (3ms, ?B)
[2026-08-06T03:00:28.360Z] GET http://localhost:3000/mascots/thinking.png → 200 (3ms, ?B)
[2026-08-06T03:00:31.959Z] GET http://localhost:3000/mascots/cooking.png → 200 (3ms, ?B)
[2026-08-06T03:00:33.489Z] GET http://localhost:3000/mascots/headphones.png → 200 (7ms, ?B)
[2026-08-06T03:00:33.760Z] GET http://localhost:3000/mascots/sherlock.png → 200 (3ms, ?B)
[2026-08-06T03:00:37.097Z] GET http://localhost:3000/mascots/working.png → 200 (2ms, ?B)
[2026-08-06T03:00:40.962Z] GET http://localhost:3000/mascots/paragliding.png → 200 (16ms, ?B)
[2026-08-06T03:00:42.761Z] GET http://localhost:3000/mascots/rocket.png → 200 (3ms, ?B)
[2026-08-06T03:00:44.562Z] GET http://localhost:3000/mascots/sleeping.png → 200 (3ms, ?B)
[2026-08-06T03:00:46.362Z] GET http://localhost:3000/mascots/thinking.png → 200 (4ms, ?B)
[2026-08-06T03:00:47.906Z] GET http://localhost:3000/mascots/headphones.png → 200 (6ms, ?B)
[2026-08-06T03:00:48.161Z] GET http://localhost:3000/mascots/working.png → 200 (5ms, ?B)
[2026-08-06T03:00:49.963Z] GET http://localhost:3000/mascots/cooking.png → 200 (4ms, ?B)
[2026-08-06T03:00:51.768Z] GET http://localhost:3000/mascots/sherlock.png → 200 (4ms, ?B)
[2026-08-06T03:00:53.562Z] GET http://localhost:3000/mascots/wizard.png → 200 (3ms, ?B)
[2026-08-06T03:00:56.503Z] GET http://localhost:3000/?_rsc=q3mOO9BClNZHexY7 → pending (?ms, ?B)
[2026-08-06T03:00:56.503Z] GET http://localhost:3000/?_rsc=q3mOO9BClNZHexY7 → pending (?ms, ?B)
[2026-08-06T03:00:56.503Z] GET http://localhost:3000/?_rsc=q3mOO9BClNZHexY7 → pending (?ms, ?B)
[2026-08-06T03:00:56.503Z] GET http://localhost:3000/?_rsc=q3mOO9BClNZHexY7 → 200 (27ms, ?B)
[2026-08-06T03:00:57.164Z] GET http://localhost:3000/mascots/headphones.png → 200 (4ms, ?B)
[2026-08-06T03:00:58.719Z] GET http://localhost:3000/mascots/rocket.png → 200 (1ms, ?B)
[2026-08-06T03:00:58.962Z] GET http://localhost:3000/mascots/paragliding.png → 200 (4ms, ?B)
[2026-08-06T03:00:59.947Z] GET http://localhost:3000/?_rsc=q3mOO9BClNZHexY7 → pending (?ms, ?B)
[2026-08-06T03:00:59.947Z] GET http://localhost:3000/?_rsc=q3mOO9BClNZHexY7 → pending (?ms, ?B)
[2026-08-06T03:00:59.949Z] GET http://localhost:3000/?_rsc=q3mOO9BClNZHexY7 → pending (?ms, ?B)
[2026-08-06T03:00:59.949Z] GET http://localhost:3000/?_rsc=q3mOO9BClNZHexY7 → pending (?ms, ?B)
[2026-08-06T03:00:59.951Z] GET http://localhost:3000/?_rsc=q3mOO9BClNZHexY7 → 200 (604ms, ?B)
[2026-08-06T03:00:59.955Z] GET http://localhost:3000/?_rsc=q3mOO9BClNZHexY7 → 200 (528ms, ?B)
[2026-08-06T03:01:00.100Z] GET http://localhost:3000/?_rsc=q3mOO9BClNZHexY7 → 200 (303ms, 5327B)
[2026-08-06T03:01:00.100Z] GET http://localhost:3000/?_rsc=q3mOO9BClNZHexY7 → 200 (219ms, 5329B)
[2026-08-06T03:01:00.100Z] GET http://localhost:3000/?_rsc=q3mOO9BClNZHexY7 → 200 (88ms, 5329B)
[2026-08-06T03:01:02.322Z] GET http://localhost:3000/mascots/headphones.png → 200 (1ms, ?B)
[2026-08-06T03:01:02.561Z] GET http://localhost:3000/mascots/sleeping.png → 200 (4ms, ?B)
[2026-08-06T03:01:04.360Z] GET http://localhost:3000/mascots/thinking.png → 200 (3ms, ?B)
[2026-08-06T03:01:05.925Z] GET http://localhost:3000/mascots/working.png → 200 (5ms, ?B)
[2026-08-06T03:01:07.963Z] GET http://localhost:3000/mascots/cooking.png → 200 (4ms, ?B)
[2026-08-06T03:01:09.533Z] GET http://localhost:3000/mascots/wizard.png → 200 (2ms, ?B)
[2026-08-06T03:01:09.761Z] GET http://localhost:3000/mascots/sherlock.png → 200 (4ms, ?B)
[2026-08-06T03:01:13.137Z] GET http://localhost:3000/mascots/rocket.png → 200 (2ms, ?B)
[2026-08-06T03:01:15.162Z] GET http://localhost:3000/mascots/headphones.png → 200 (3ms, ?B)
[2026-08-06T03:01:16.962Z] GET http://localhost:3000/mascots/paragliding.png → 200 (3ms, ?B)
[2026-08-06T03:01:18.763Z] GET http://localhost:3000/mascots/rocket.png → 200 (4ms, ?B)
[2026-08-06T03:01:20.349Z] GET http://localhost:3000/mascots/working.png → 200 (2ms, ?B)
[2026-08-06T03:01:20.561Z] GET http://localhost:3000/mascots/sleeping.png → 200 (4ms, ?B)
[2026-08-06T03:01:22.361Z] GET http://localhost:3000/mascots/thinking.png → 200 (3ms, ?B)
[2026-08-06T03:01:23.953Z] GET http://localhost:3000/mascots/wizard.png → 200 (1ms, ?B)
[2026-08-06T03:01:24.163Z] GET http://localhost:3000/mascots/working.png → 200 (3ms, ?B)
[2026-08-06T03:01:25.963Z] GET http://localhost:3000/mascots/cooking.png → 200 (3ms, ?B)
[2026-08-06T03:01:27.556Z] GET http://localhost:3000/mascots/rocket.png → 200 (6ms, ?B)
[2026-08-06T03:01:27.762Z] GET http://localhost:3000/mascots/sherlock.png → 200 (3ms, ?B)
[2026-08-06T03:01:31.163Z] GET http://localhost:3000/mascots/headphones.png → 200 (2ms, ?B)
[2026-08-06T03:01:34.962Z] GET http://localhost:3000/mascots/paragliding.png → 200 (4ms, ?B)
[2026-08-06T03:01:36.763Z] GET http://localhost:3000/mascots/rocket.png → 200 (3ms, ?B)
[2026-08-06T03:01:38.369Z] GET http://localhost:3000/mascots/wizard.png → 200 (2ms, ?B)
[2026-08-06T03:01:38.563Z] GET http://localhost:3000/mascots/sleeping.png → 200 (3ms, ?B)
[2026-08-06T03:01:40.363Z] GET http://localhost:3000/mascots/thinking.png → 200 (3ms, ?B)
[2026-08-06T03:01:43.969Z] GET http://localhost:3000/mascots/cooking.png → 200 (3ms, ?B)
[2026-08-06T03:01:45.592Z] GET http://localhost:3000/mascots/headphones.png → 200 (2ms, ?B)
[2026-08-06T03:01:45.773Z] GET http://localhost:3000/mascots/sherlock.png → 200 (4ms, ?B)
[2026-08-06T03:01:47.574Z] GET http://localhost:3000/mascots/wizard.png → 200 (4ms, ?B)
[2026-08-06T03:01:51.182Z] GET http://localhost:3000/mascots/headphones.png → 200 (4ms, ?B)
[2026-08-06T03:01:52.809Z] GET http://localhost:3000/mascots/wizard.png → 200 (1ms, ?B)
[2026-08-06T03:01:52.983Z] GET http://localhost:3000/mascots/paragliding.png → 200 (3ms, ?B)
[2026-08-06T03:01:54.785Z] GET http://localhost:3000/mascots/rocket.png → 200 (4ms, ?B)
[2026-08-06T03:01:56.586Z] GET http://localhost:3000/mascots/sleeping.png → 200 (3ms, ?B)
[2026-08-06T03:01:58.389Z] GET http://localhost:3000/mascots/thinking.png → 200 (4ms, ?B)
[2026-08-06T03:02:01.990Z] GET http://localhost:3000/mascots/cooking.png → 200 (4ms, ?B)
[2026-08-06T03:02:03.789Z] GET http://localhost:3000/mascots/sherlock.png → 200 (4ms, ?B)
[2026-08-06T03:02:05.589Z] GET http://localhost:3000/mascots/wizard.png → 200 (4ms, ?B)
[2026-08-06T03:02:09.192Z] GET http://localhost:3000/mascots/headphones.png → 200 (3ms, ?B)
[2026-08-06T03:02:10.842Z] GET http://localhost:3000/mascots/rocket.png → 200 (5ms, ?B)
[2026-08-06T03:02:10.992Z] GET http://localhost:3000/mascots/paragliding.png → 200 (4ms, ?B)
[2026-08-06T03:02:14.452Z] GET http://localhost:3000/mascots/headphones.png → 200 (1ms, ?B)
[2026-08-06T03:02:14.594Z] GET http://localhost:3000/mascots/sleeping.png → 200 (4ms, ?B)
[2026-08-06T03:02:16.393Z] GET http://localhost:3000/mascots/thinking.png → 200 (3ms, ?B)
[2026-08-06T03:02:18.056Z] GET http://localhost:3000/mascots/working.png → 200 (8ms, ?B)
[2026-08-06T03:02:19.994Z] GET http://localhost:3000/mascots/cooking.png → 200 (4ms, ?B)
[2026-08-06T03:02:21.665Z] GET http://localhost:3000/mascots/wizard.png → 200 (1ms, ?B)
[2026-08-06T03:02:21.795Z] GET http://localhost:3000/mascots/sherlock.png → 200 (3ms, ?B)
[2026-08-06T03:02:25.269Z] GET http://localhost:3000/mascots/rocket.png → 200 (1ms, ?B)
[2026-08-06T03:02:27.195Z] GET http://localhost:3000/mascots/headphones.png → 200 (4ms, ?B)
[2026-08-06T03:02:28.999Z] GET http://localhost:3000/mascots/paragliding.png → 200 (3ms, ?B)
[2026-08-06T03:02:32.477Z] GET http://localhost:3000/mascots/working.png → 200 (5ms, ?B)
[2026-08-06T03:02:32.606Z] GET http://localhost:3000/mascots/sleeping.png → 200 (5ms, ?B)
[2026-08-06T03:02:34.400Z] GET http://localhost:3000/mascots/thinking.png → 200 (5ms, ?B)
[2026-08-06T03:02:36.086Z] GET http://localhost:3000/mascots/wizard.png → 200 (1ms, ?B)
[2026-08-06T03:02:38.002Z] GET http://localhost:3000/mascots/cooking.png → 200 (5ms, ?B)
[2026-08-06T03:02:39.689Z] GET http://localhost:3000/mascots/rocket.png → 200 (2ms, ?B)
[2026-08-06T03:02:39.800Z] GET http://localhost:3000/mascots/sherlock.png → 200 (3ms, ?B)
[2026-08-06T03:02:43.293Z] GET http://localhost:3000/mascots/headphones.png → 200 (6ms, ?B)
[2026-08-06T03:02:47.002Z] GET http://localhost:3000/mascots/paragliding.png → 200 (5ms, ?B)
[2026-08-06T03:02:48.801Z] GET http://localhost:3000/mascots/rocket.png → 200 (4ms, ?B)
[2026-08-06T03:02:50.503Z] GET http://localhost:3000/mascots/wizard.png → 200 (1ms, ?B)
[2026-08-06T03:02:50.600Z] GET http://localhost:3000/mascots/sleeping.png → 200 (4ms, ?B)
[2026-08-06T03:02:52.400Z] GET http://localhost:3000/mascots/thinking.png → 200 (4ms, ?B)
[2026-08-06T03:02:56.000Z] GET http://localhost:3000/mascots/cooking.png → 200 (3ms, ?B)
[2026-08-06T03:02:57.709Z] GET http://localhost:3000/mascots/headphones.png → 200 (1ms, ?B)
[2026-08-06T03:02:57.799Z] GET http://localhost:3000/mascots/sherlock.png → 200 (3ms, ?B)
[2026-08-06T03:02:59.600Z] GET http://localhost:3000/mascots/wizard.png → 200 (4ms, ?B)
[2026-08-06T03:03:03.202Z] GET http://localhost:3000/mascots/headphones.png → 200 (4ms, ?B)
[2026-08-06T03:03:04.919Z] GET http://localhost:3000/mascots/wizard.png → 200 (2ms, ?B)
[2026-08-06T03:03:05.000Z] GET http://localhost:3000/mascots/paragliding.png → 200 (4ms, ?B)
[2026-08-06T03:03:06.801Z] GET http://localhost:3000/mascots/rocket.png → 200 (3ms, ?B)
[2026-08-06T03:03:08.602Z] GET http://localhost:3000/mascots/sleeping.png → 200 (4ms, ?B)
[2026-08-06T03:03:10.401Z] GET http://localhost:3000/mascots/thinking.png → 200 (4ms, ?B)
[2026-08-06T03:03:14.002Z] GET http://localhost:3000/mascots/cooking.png → 200 (3ms, ?B)
[2026-08-06T03:03:15.801Z] GET http://localhost:3000/mascots/sherlock.png → 200 (4ms, ?B)
[2026-08-06T03:03:17.601Z] GET http://localhost:3000/mascots/wizard.png → 200 (4ms, ?B)
[2026-08-06T03:03:21.202Z] GET http://localhost:3000/mascots/headphones.png → 200 (4ms, ?B)
[2026-08-06T03:03:22.939Z] GET http://localhost:3000/mascots/rocket.png → 200 (1ms, ?B)
[2026-08-06T03:03:23.001Z] GET http://localhost:3000/mascots/paragliding.png → 200 (4ms, ?B)
[2026-08-06T03:03:26.602Z] GET http://localhost:3000/mascots/sleeping.png → 200 (4ms, ?B)
[2026-08-06T03:03:28.402Z] GET http://localhost:3000/mascots/thinking.png → 200 (4ms, ?B)
[2026-08-06T03:03:30.145Z] GET http://localhost:3000/mascots/working.png → 200 (6ms, ?B)
[2026-08-06T03:03:32.004Z] GET http://localhost:3000/mascots/cooking.png → 200 (4ms, ?B)
[2026-08-06T03:03:33.754Z] GET http://localhost:3000/mascots/wizard.png → 200 (2ms, ?B)
[2026-08-06T03:03:33.800Z] GET http://localhost:3000/mascots/sherlock.png → 200 (4ms, ?B)
[2026-08-06T03:03:37.356Z] GET http://localhost:3000/mascots/rocket.png → 200 (1ms, ?B)
[2026-08-06T03:03:39.201Z] GET http://localhost:3000/mascots/headphones.png → 200 (4ms, ?B)
[2026-08-06T03:03:41.001Z] GET http://localhost:3000/mascots/paragliding.png → 200 (4ms, ?B)
[2026-08-06T03:03:44.567Z] GET http://localhost:3000/mascots/working.png → 200 (2ms, ?B)
[2026-08-06T03:03:44.604Z] GET http://localhost:3000/mascots/sleeping.png → 200 (5ms, ?B)
[2026-08-06T03:03:46.402Z] GET http://localhost:3000/mascots/thinking.png → 200 (4ms, ?B)
[2026-08-06T03:03:48.170Z] GET http://localhost:3000/mascots/wizard.png → 200 (1ms, ?B)
[2026-08-06T03:03:50.002Z] GET http://localhost:3000/mascots/cooking.png → 200 (4ms, ?B)
[2026-08-06T03:03:51.774Z] GET http://localhost:3000/mascots/rocket.png → 200 (1ms, ?B)
[2026-08-06T03:03:51.801Z] GET http://localhost:3000/mascots/sherlock.png → 200 (4ms, ?B)
[2026-08-06T03:03:55.377Z] GET http://localhost:3000/mascots/headphones.png → 200 (5ms, ?B)
[2026-08-06T03:03:58.983Z] GET http://localhost:3000/mascots/working.png → 200 (2ms, ?B)
[2026-08-06T03:03:59.001Z] GET http://localhost:3000/mascots/paragliding.png → 200 (6ms, ?B)
[2026-08-06T03:04:02.586Z] GET http://localhost:3000/mascots/wizard.png → 200 (15ms, ?B)
[2026-08-06T03:04:02.601Z] GET http://localhost:3000/mascots/sleeping.png → 200 (6ms, ?B)
[2026-08-06T03:04:04.402Z] GET http://localhost:3000/mascots/thinking.png → 200 (4ms, ?B)
[2026-08-06T03:04:08.000Z] GET http://localhost:3000/mascots/cooking.png → 200 (4ms, ?B)
[2026-08-06T03:04:09.803Z] GET http://localhost:3000/mascots/sherlock.png → 200 (4ms, ?B)
[2026-08-06T03:04:09.810Z] GET http://localhost:3000/mascots/headphones.png → 200 (5ms, ?B)
[2026-08-06T03:04:17.001Z] GET http://localhost:3000/mascots/paragliding.png → 200 (4ms, ?B)
[2026-08-06T03:04:18.800Z] GET http://localhost:3000/mascots/rocket.png → 200 (4ms, ?B)
[2026-08-06T03:04:22.403Z] GET http://localhost:3000/mascots/thinking.png → 200 (3ms, ?B)
[2026-08-06T03:04:24.200Z] GET http://localhost:3000/mascots/working.png → 200 (3ms, ?B)
[2026-08-06T03:04:24.225Z] GET http://localhost:3000/mascots/headphones.png → 200 (6ms, ?B)
[2026-08-06T03:04:26.005Z] GET http://localhost:3000/mascots/cooking.png → 200 (4ms, ?B)
[2026-08-06T03:04:27.803Z] GET http://localhost:3000/mascots/sherlock.png → 200 (3ms, ?B)
[2026-08-06T03:04:29.603Z] GET http://localhost:3000/mascots/wizard.png → 200 (4ms, ?B)
[2026-08-06T03:04:33.200Z] GET http://localhost:3000/mascots/headphones.png → 200 (3ms, ?B)
[2026-08-06T03:04:35.007Z] GET http://localhost:3000/mascots/paragliding.png → 200 (4ms, ?B)
[2026-08-06T03:04:35.039Z] GET http://localhost:3000/mascots/rocket.png → 200 (1ms, ?B)
[2026-08-06T03:04:38.608Z] GET http://localhost:3000/mascots/sleeping.png → 200 (4ms, ?B)
[2026-08-06T03:04:40.405Z] GET http://localhost:3000/mascots/thinking.png → 200 (4ms, ?B)
[2026-08-06T03:04:42.206Z] GET http://localhost:3000/mascots/working.png → 200 (5ms, ?B)
[2026-08-06T03:04:44.005Z] GET http://localhost:3000/mascots/cooking.png → 200 (4ms, ?B)
[2026-08-06T03:04:45.805Z] GET http://localhost:3000/mascots/sherlock.png → 200 (5ms, ?B)
[2026-08-06T03:04:45.855Z] GET http://localhost:3000/mascots/wizard.png → 200 (1ms, ?B)
[2026-08-06T03:04:48.716Z] GET http://localhost:3000/?_rsc=q3mOO9BClNZHexY7 → pending (?ms, ?B)
[2026-08-06T03:04:48.778Z] GET http://localhost:3000/?_rsc=q3mOO9BClNZHexY7 → pending (?ms, ?B)
[2026-08-06T03:04:48.782Z] GET http://localhost:3000/?_rsc=q3mOO9BClNZHexY7 → pending (?ms, ?B)
[2026-08-06T03:04:48.783Z] GET http://localhost:3000/?_rsc=q3mOO9BClNZHexY7 → pending (?ms, ?B)
[2026-08-06T03:04:49.458Z] GET http://localhost:3000/mascots/rocket.png → 200 (1ms, ?B)
[2026-08-06T03:04:51.206Z] GET http://localhost:3000/mascots/headphones.png → 200 (4ms, ?B)
[2026-08-06T03:04:53.006Z] GET http://localhost:3000/mascots/paragliding.png → 200 (4ms, ?B)
[2026-08-06T03:04:55.737Z] GET http://localhost:3000/?_rsc=q3mOO9BClNZHexY7 → pending (?ms, ?B)
[2026-08-06T03:04:55.737Z] GET http://localhost:3000/?_rsc=q3mOO9BClNZHexY7 → 200 (117ms, ?B)
[2026-08-06T03:04:55.921Z] GET http://localhost:3000/_next/static/chunks/_1raojn8._.js → 200 (58ms, 40071B)
[2026-08-06T03:04:56.003Z] GET http://localhost:3000/_next/static/chunks/_1raojn8._.js → 304 (1ms, ?B)
[2026-08-06T03:04:56.602Z] GET http://localhost:3000/mascots/sleeping.png → 200 (4ms, ?B)
[2026-08-06T03:04:56.670Z] GET http://localhost:3000/mascots/working.png → 200 (2ms, ?B)
[2026-08-06T03:04:58.401Z] GET http://localhost:3000/mascots/thinking.png → 200 (4ms, ?B)
[2026-08-06T03:05:00.274Z] GET http://localhost:3000/mascots/wizard.png → 200 (1ms, ?B)
[2026-08-06T03:05:02.002Z] GET http://localhost:3000/mascots/cooking.png → 200 (4ms, ?B)
[2026-08-06T03:05:03.797Z] GET http://localhost:3000/mascots/sherlock.png → 200 (3ms, ?B)
[2026-08-06T03:05:03.853Z] GET http://localhost:3000/?_rsc=q3mOO9BClNZHexY7 → pending (?ms, ?B)
[2026-08-06T03:05:03.855Z] GET http://localhost:3000/?_rsc=q3mOO9BClNZHexY7 → pending (?ms, ?B)
[2026-08-06T03:05:03.876Z] GET http://localhost:3000/mascots/rocket.png → pending (?ms, ?B)
[2026-08-06T03:05:07.483Z] GET http://localhost:3000/mascots/headphones.png → 200 (2ms, ?B)
[2026-08-06T03:05:11.009Z] GET http://localhost:3000/mascots/paragliding.png → 200 (4ms, ?B)
[2026-08-06T03:05:11.087Z] GET http://localhost:3000/mascots/working.png → 200 (1ms, ?B)
[2026-08-06T03:05:12.804Z] GET http://localhost:3000/mascots/rocket.png → 200 (4ms, ?B)
[2026-08-06T03:05:14.601Z] GET http://localhost:3000/mascots/sleeping.png → 200 (3ms, ?B)
[2026-08-06T03:05:14.690Z] GET http://localhost:3000/mascots/wizard.png → 200 (1ms, ?B)
[2026-08-06T03:05:16.408Z] GET http://localhost:3000/mascots/thinking.png → 200 (4ms, ?B)
[2026-08-06T03:05:20.007Z] GET http://localhost:3000/mascots/cooking.png → 200 (4ms, ?B)
[2026-08-06T03:05:21.801Z] GET http://localhost:3000/mascots/sherlock.png → 200 (3ms, ?B)
[2026-08-06T03:05:21.898Z] GET http://localhost:3000/mascots/headphones.png → 200 (1ms, ?B)
[2026-08-06T03:05:23.610Z] GET http://localhost:3000/mascots/wizard.png → 200 (5ms, ?B)
[2026-08-06T03:05:25.501Z] GET http://localhost:3000/mascots/working.png → 200 (2ms, ?B)
[2026-08-06T03:05:29.007Z] GET http://localhost:3000/mascots/paragliding.png → 200 (3ms, ?B)
[2026-08-06T03:05:32.608Z] GET http://localhost:3000/mascots/sleeping.png → 200 (4ms, ?B)
[2026-08-06T03:05:34.401Z] GET http://localhost:3000/mascots/thinking.png → 200 (3ms, ?B)
[2026-08-06T03:05:36.206Z] GET http://localhost:3000/mascots/working.png → 200 (4ms, ?B)
[2026-08-06T03:05:36.312Z] GET http://localhost:3000/mascots/headphones.png → 200 (6ms, ?B)
[2026-08-06T03:05:38.007Z] GET http://localhost:3000/mascots/cooking.png → 200 (3ms, ?B)
[2026-08-06T03:05:39.807Z] GET http://localhost:3000/mascots/sherlock.png → 200 (4ms, ?B)
[2026-08-06T03:05:41.615Z] GET http://localhost:3000/mascots/wizard.png → 200 (4ms, ?B)
[2026-08-06T03:05:45.201Z] GET http://localhost:3000/mascots/headphones.png → 200 (3ms, ?B)
[2026-08-06T03:05:47.050Z] GET http://localhost:3000/mascots/paragliding.png → 200 (2ms, ?B)
[2026-08-06T03:05:47.127Z] GET http://localhost:3000/mascots/rocket.png → 200 (5ms, ?B)
[2026-08-06T03:05:50.602Z] GET http://localhost:3000/mascots/sleeping.png → 200 (3ms, ?B)
[2026-08-06T03:05:52.408Z] GET http://localhost:3000/mascots/thinking.png → 200 (4ms, ?B)
[2026-08-06T03:05:56.003Z] GET http://localhost:3000/mascots/cooking.png → 200 (4ms, ?B)
[2026-08-06T03:05:57.804Z] GET http://localhost:3000/mascots/sherlock.png → 200 (4ms, ?B)
[2026-08-06T03:05:57.938Z] GET http://localhost:3000/mascots/wizard.png → 200 (1ms, ?B)
[2026-08-06T03:06:01.542Z] GET http://localhost:3000/mascots/rocket.png → 200 (8ms, ?B)
[2026-08-06T03:06:03.200Z] GET http://localhost:3000/mascots/headphones.png → 200 (3ms, ?B)
[2026-08-06T03:06:05.002Z] GET http://localhost:3000/mascots/paragliding.png → 200 (8ms, ?B)
[2026-08-06T03:06:05.147Z] GET http://localhost:3000/mascots/headphones.png → 200 (1ms, ?B)
[2026-08-06T03:06:08.602Z] GET http://localhost:3000/mascots/sleeping.png → 200 (4ms, ?B)
[2026-08-06T03:06:08.750Z] GET http://localhost:3000/mascots/working.png → 200 (1ms, ?B)
[2026-08-06T03:06:10.403Z] GET http://localhost:3000/mascots/thinking.png → 200 (4ms, ?B)
[2026-08-06T03:06:12.352Z] GET http://localhost:3000/mascots/wizard.png → 200 (2ms, ?B)
[2026-08-06T03:06:14.006Z] GET http://localhost:3000/mascots/cooking.png → 200 (4ms, ?B)
[2026-08-06T03:06:15.807Z] GET http://localhost:3000/mascots/sherlock.png → 200 (6ms, ?B)
[2026-08-06T03:06:15.956Z] GET http://localhost:3000/mascots/rocket.png → 200 (1ms, ?B)
[2026-08-06T03:06:19.561Z] GET http://localhost:3000/mascots/headphones.png → 200 (5ms, ?B)
[2026-08-06T03:06:23.007Z] GET http://localhost:3000/mascots/paragliding.png → 200 (4ms, ?B)
[2026-08-06T03:06:24.813Z] GET http://localhost:3000/mascots/rocket.png → 200 (4ms, ?B)
[2026-08-06T03:06:26.607Z] GET http://localhost:3000/mascots/sleeping.png → 200 (4ms, ?B)
[2026-08-06T03:06:26.770Z] GET http://localhost:3000/mascots/wizard.png → 200 (1ms, ?B)
[2026-08-06T03:06:28.407Z] GET http://localhost:3000/mascots/thinking.png → 200 (4ms, ?B)
[2026-08-06T03:06:32.006Z] GET http://localhost:3000/mascots/cooking.png → 200 (3ms, ?B)
[2026-08-06T03:06:33.808Z] GET http://localhost:3000/mascots/sherlock.png → 200 (5ms, ?B)
[2026-08-06T03:06:33.975Z] GET http://localhost:3000/mascots/headphones.png → 200 (6ms, ?B)
[2026-08-06T03:06:37.580Z] GET http://localhost:3000/mascots/working.png → 200 (7ms, ?B)
[2026-08-06T03:06:41.007Z] GET http://localhost:3000/mascots/paragliding.png → 200 (5ms, ?B)
[2026-08-06T03:06:42.806Z] GET http://localhost:3000/mascots/rocket.png → 200 (4ms, ?B)
[2026-08-06T03:06:44.608Z] GET http://localhost:3000/mascots/sleeping.png → 200 (4ms, ?B)
[2026-08-06T03:06:46.407Z] GET http://localhost:3000/mascots/thinking.png → 200 (4ms, ?B)
[2026-08-06T03:06:48.210Z] GET http://localhost:3000/mascots/working.png → 200 (4ms, ?B)
[2026-08-06T03:06:48.403Z] GET http://localhost:3000/mascots/headphones.png → 200 (2ms, ?B)
[2026-08-06T03:06:50.009Z] GET http://localhost:3000/mascots/cooking.png → pending (?ms, ?B)
[2026-08-06T03:06:51.808Z] GET http://localhost:3000/mascots/sherlock.png → 200 (5ms, ?B)
[2026-08-06T03:06:53.609Z] GET http://localhost:3000/mascots/wizard.png → 200 (4ms, ?B)
[2026-08-06T03:06:59.007Z] GET http://localhost:3000/mascots/paragliding.png → 200 (4ms, ?B)
[2026-08-06T03:06:59.222Z] GET http://localhost:3000/mascots/rocket.png → 200 (2ms, ?B)
[2026-08-06T03:07:02.608Z] GET http://localhost:3000/mascots/sleeping.png → 200 (5ms, ?B)
[2026-08-06T03:07:04.406Z] GET http://localhost:3000/mascots/thinking.png → 200 (4ms, ?B)
[2026-08-06T03:07:06.208Z] GET http://localhost:3000/mascots/working.png → 200 (4ms, ?B)
[2026-08-06T03:07:08.006Z] GET http://localhost:3000/mascots/cooking.png → 200 (4ms, ?B)
[2026-08-06T03:07:09.806Z] GET http://localhost:3000/mascots/sherlock.png → 200 (4ms, ?B)
[2026-08-06T03:07:10.037Z] GET http://localhost:3000/mascots/wizard.png → 200 (1ms, ?B)
[2026-08-06T03:07:13.640Z] GET http://localhost:3000/mascots/rocket.png → 200 (1ms, ?B)
[2026-08-06T03:07:15.208Z] GET http://localhost:3000/mascots/headphones.png → 200 (4ms, ?B)
[2026-08-06T03:07:17.008Z] GET http://localhost:3000/mascots/paragliding.png → 200 (4ms, ?B)
[2026-08-06T03:07:20.608Z] GET http://localhost:3000/mascots/sleeping.png → 200 (4ms, ?B)
[2026-08-06T03:07:22.414Z] GET http://localhost:3000/mascots/thinking.png → 200 (3ms, ?B)
[2026-08-06T03:07:24.457Z] GET http://localhost:3000/mascots/wizard.png → 200 (2ms, ?B)
[2026-08-06T03:07:26.006Z] GET http://localhost:3000/mascots/cooking.png → 200 (4ms, ?B)
[2026-08-06T03:07:27.807Z] GET http://localhost:3000/mascots/sherlock.png → 200 (3ms, ?B)
[2026-08-06T03:07:28.063Z] GET http://localhost:3000/mascots/rocket.png → 200 (6ms, ?B)
[2026-08-06T03:07:31.674Z] GET http://localhost:3000/mascots/headphones.png → 200 (1ms, ?B)
[2026-08-06T03:07:35.009Z] GET http://localhost:3000/mascots/paragliding.png → 200 (4ms, ?B)
[2026-08-06T03:07:35.278Z] GET http://localhost:3000/mascots/working.png → 200 (7ms, ?B)
[2026-08-06T03:07:36.805Z] GET http://localhost:3000/mascots/rocket.png → 200 (3ms, ?B)
[2026-08-06T03:07:38.608Z] GET http://localhost:3000/mascots/sleeping.png → 200 (4ms, ?B)
[2026-08-06T03:07:38.889Z] GET http://localhost:3000/mascots/wizard.png → 200 (2ms, ?B)
[2026-08-06T03:07:40.408Z] GET http://localhost:3000/mascots/thinking.png → 200 (3ms, ?B)
[2026-08-06T03:07:42.207Z] GET http://localhost:3000/mascots/working.png → 200 (4ms, ?B)
[2026-08-06T03:07:42.494Z] GET http://localhost:3000/mascots/rocket.png → 200 (6ms, ?B)
[2026-08-06T03:07:44.008Z] GET http://localhost:3000/mascots/cooking.png → 200 (4ms, ?B)
[2026-08-06T03:07:45.807Z] GET http://localhost:3000/mascots/sherlock.png → 200 (3ms, ?B)
[2026-08-06T03:07:46.104Z] GET http://localhost:3000/mascots/headphones.png → 200 (1ms, ?B)
[2026-08-06T03:07:51.206Z] GET http://localhost:3000/mascots/headphones.png → 200 (4ms, ?B)
[2026-08-06T03:07:53.007Z] GET http://localhost:3000/mascots/paragliding.png → 200 (3ms, ?B)
[2026-08-06T03:07:53.312Z] GET http://localhost:3000/mascots/wizard.png → 200 (7ms, ?B)
[2026-08-06T03:07:54.807Z] GET http://localhost:3000/mascots/rocket.png → 200 (4ms, ?B)
[2026-08-06T03:07:56.611Z] GET http://localhost:3000/mascots/sleeping.png → 200 (5ms, ?B)
[2026-08-06T03:07:58.408Z] GET http://localhost:3000/mascots/thinking.png → 200 (5ms, ?B)
[2026-08-06T03:08:02.006Z] GET http://localhost:3000/mascots/cooking.png → 200 (3ms, ?B)
[2026-08-06T03:08:03.803Z] GET http://localhost:3000/mascots/sherlock.png → 200 (3ms, ?B)
[2026-08-06T03:08:05.606Z] GET http://localhost:3000/mascots/wizard.png → 200 (5ms, ?B)
[2026-08-06T03:08:09.204Z] GET http://localhost:3000/mascots/headphones.png → 200 (3ms, ?B)
[2026-08-06T03:08:11.007Z] GET http://localhost:3000/mascots/paragliding.png → 200 (4ms, ?B)
[2026-08-06T03:08:11.345Z] GET http://localhost:3000/mascots/rocket.png → 200 (7ms, ?B)
[2026-08-06T03:08:14.607Z] GET http://localhost:3000/mascots/sleeping.png → 200 (4ms, ?B)
[2026-08-06T03:08:14.955Z] GET http://localhost:3000/mascots/headphones.png → 200 (2ms, ?B)
[2026-08-06T03:08:16.406Z] GET http://localhost:3000/mascots/thinking.png → 200 (4ms, ?B)
[2026-08-06T03:08:18.209Z] GET http://localhost:3000/mascots/working.png → 200 (3ms, ?B)
[2026-08-06T03:08:20.008Z] GET http://localhost:3000/mascots/cooking.png → 200 (4ms, ?B)
[2026-08-06T03:08:21.808Z] GET http://localhost:3000/mascots/sherlock.png → 200 (4ms, ?B)
[2026-08-06T03:08:22.165Z] GET http://localhost:3000/mascots/wizard.png → 200 (2ms, ?B)
[2026-08-06T03:08:25.769Z] GET http://localhost:3000/mascots/rocket.png → 200 (1ms, ?B)
[2026-08-06T03:08:27.208Z] GET http://localhost:3000/mascots/headphones.png → 200 (4ms, ?B)
[2026-08-06T03:08:29.009Z] GET http://localhost:3000/mascots/paragliding.png → 200 (4ms, ?B)
[2026-08-06T03:08:32.608Z] GET http://localhost:3000/mascots/sleeping.png → 200 (4ms, ?B)
[2026-08-06T03:08:32.977Z] GET http://localhost:3000/mascots/working.png → 200 (6ms, ?B)
[2026-08-06T03:08:34.410Z] GET http://localhost:3000/mascots/thinking.png → 200 (4ms, ?B)
[2026-08-06T03:08:36.586Z] GET http://localhost:3000/mascots/wizard.png → 200 (2ms, ?B)
[2026-08-06T03:08:38.009Z] GET http://localhost:3000/mascots/cooking.png → 200 (4ms, ?B)
[2026-08-06T03:08:39.807Z] GET http://localhost:3000/mascots/sherlock.png → 200 (3ms, ?B)
[2026-08-06T03:08:40.191Z] GET http://localhost:3000/mascots/rocket.png → 200 (1ms, ?B)
[2026-08-06T03:08:43.794Z] GET http://localhost:3000/mascots/headphones.png → 200 (6ms, ?B)
[2026-08-06T03:08:47.009Z] GET http://localhost:3000/mascots/paragliding.png → 200 (4ms, ?B)
[2026-08-06T03:08:47.404Z] GET http://localhost:3000/mascots/working.png → 200 (2ms, ?B)
[2026-08-06T03:08:48.809Z] GET http://localhost:3000/mascots/rocket.png → 200 (4ms, ?B)
[2026-08-06T03:08:50.607Z] GET http://localhost:3000/mascots/sleeping.png → 200 (3ms, ?B)
[2026-08-06T03:08:51.008Z] GET http://localhost:3000/mascots/wizard.png → 200 (1ms, ?B)
[2026-08-06T03:08:52.405Z] GET http://localhost:3000/mascots/thinking.png → 200 (4ms, ?B)
[2026-08-06T03:08:56.007Z] GET http://localhost:3000/mascots/cooking.png → 200 (4ms, ?B)
[2026-08-06T03:08:57.807Z] GET http://localhost:3000/mascots/sherlock.png → 200 (4ms, ?B)
[2026-08-06T03:08:58.221Z] GET http://localhost:3000/mascots/headphones.png → 200 (3ms, ?B)
[2026-08-06T03:08:59.608Z] GET http://localhost:3000/mascots/wizard.png → 200 (4ms, ?B)
[2026-08-06T03:09:05.008Z] GET http://localhost:3000/mascots/paragliding.png → 200 (4ms, ?B)
[2026-08-06T03:09:05.434Z] GET http://localhost:3000/mascots/wizard.png → 200 (6ms, ?B)
[2026-08-06T03:09:06.808Z] GET http://localhost:3000/mascots/rocket.png → 200 (4ms, ?B)
[2026-08-06T03:09:08.605Z] GET http://localhost:3000/mascots/sleeping.png → 200 (4ms, ?B)
[2026-08-06T03:09:10.409Z] GET http://localhost:3000/mascots/thinking.png → 200 (3ms, ?B)
[2026-08-06T03:09:14.009Z] GET http://localhost:3000/mascots/cooking.png → 200 (4ms, ?B)
[2026-08-06T03:09:15.809Z] GET http://localhost:3000/mascots/sherlock.png → 200 (4ms, ?B)
[2026-08-06T03:09:17.612Z] GET http://localhost:3000/mascots/wizard.png → 200 (4ms, ?B)
[2026-08-06T03:09:21.208Z] GET http://localhost:3000/mascots/headphones.png → 200 (3ms, ?B)
[2026-08-06T03:09:23.008Z] GET http://localhost:3000/mascots/paragliding.png → 200 (4ms, ?B)
[2026-08-06T03:09:23.458Z] GET http://localhost:3000/mascots/rocket.png → 200 (7ms, ?B)
[2026-08-06T03:09:26.604Z] GET http://localhost:3000/mascots/sleeping.png → 200 (4ms, ?B)
[2026-08-06T03:09:28.406Z] GET http://localhost:3000/mascots/thinking.png → 200 (4ms, ?B)
[2026-08-06T03:09:30.206Z] GET http://localhost:3000/mascots/working.png → 200 (3ms, ?B)
[2026-08-06T03:09:32.009Z] GET http://localhost:3000/mascots/cooking.png → 200 (3ms, ?B)
[2026-08-06T03:09:33.808Z] GET http://localhost:3000/mascots/sherlock.png → 200 (4ms, ?B)
[2026-08-06T03:09:34.274Z] GET http://localhost:3000/mascots/wizard.png → 200 (8ms, ?B)
[2026-08-06T03:09:37.878Z] GET http://localhost:3000/mascots/rocket.png → 200 (6ms, ?B)
[2026-08-06T03:09:39.208Z] GET http://localhost:3000/mascots/headphones.png → 200 (4ms, ?B)
[2026-08-06T03:09:41.008Z] GET http://localhost:3000/mascots/paragliding.png → 200 (4ms, ?B)
[2026-08-06T03:09:44.607Z] GET http://localhost:3000/mascots/sleeping.png → 200 (4ms, ?B)
[2026-08-06T03:09:45.092Z] GET http://localhost:3000/mascots/working.png → 200 (7ms, ?B)
[2026-08-06T03:09:46.408Z] GET http://localhost:3000/mascots/thinking.png → 200 (4ms, ?B)
[2026-08-06T03:09:48.698Z] GET http://localhost:3000/mascots/wizard.png → 200 (1ms, ?B)
[2026-08-06T03:09:50.003Z] GET http://localhost:3000/mascots/cooking.png → 200 (4ms, ?B)
[2026-08-06T03:09:51.807Z] GET http://localhost:3000/mascots/sherlock.png → 200 (4ms, ?B)
[2026-08-06T03:09:52.301Z] GET http://localhost:3000/mascots/rocket.png → 200 (1ms, ?B)
[2026-08-06T03:09:55.905Z] GET http://localhost:3000/mascots/headphones.png → 200 (2ms, ?B)
[2026-08-06T03:09:59.007Z] GET http://localhost:3000/mascots/paragliding.png → 200 (4ms, ?B)
[2026-08-06T03:10:00.812Z] GET http://localhost:3000/mascots/rocket.png → 200 (3ms, ?B)
[2026-08-06T03:10:02.608Z] GET http://localhost:3000/mascots/sleeping.png → 200 (4ms, ?B)
[2026-08-06T03:10:03.119Z] GET http://localhost:3000/mascots/wizard.png → 200 (3ms, ?B)
[2026-08-06T03:10:04.409Z] GET http://localhost:3000/mascots/thinking.png → 200 (4ms, ?B)
[2026-08-06T03:10:08.009Z] GET http://localhost:3000/mascots/cooking.png → 200 (3ms, ?B)
[2026-08-06T03:10:09.808Z] GET http://localhost:3000/mascots/sherlock.png → 200 (3ms, ?B)
[2026-08-06T03:10:10.326Z] GET http://localhost:3000/mascots/headphones.png → 200 (6ms, ?B)
[2026-08-06T03:10:11.609Z] GET http://localhost:3000/mascots/wizard.png → 200 (4ms, ?B)
[2026-08-06T03:10:13.933Z] GET http://localhost:3000/mascots/working.png → 200 (2ms, ?B)
[2026-08-06T03:10:17.010Z] GET http://localhost:3000/mascots/paragliding.png → 200 (4ms, ?B)
[2026-08-06T03:10:18.808Z] GET http://localhost:3000/mascots/rocket.png → 200 (4ms, ?B)
[2026-08-06T03:10:20.608Z] GET http://localhost:3000/mascots/sleeping.png → 200 (4ms, ?B)
[2026-08-06T03:10:22.406Z] GET http://localhost:3000/mascots/thinking.png → 200 (3ms, ?B)
[2026-08-06T03:10:24.204Z] GET http://localhost:3000/mascots/working.png → pending (?ms, ?B)
[2026-08-06T03:10:24.744Z] GET http://localhost:3000/mascots/headphones.png → 200 (4ms, ?B)
[2026-08-06T03:10:26.006Z] GET http://localhost:3000/mascots/cooking.png → 200 (4ms, ?B)
[2026-08-06T03:10:27.803Z] GET http://localhost:3000/mascots/sherlock.png → 200 (3ms, ?B)
[2026-08-06T03:10:29.605Z] GET http://localhost:3000/mascots/wizard.png → 200 (4ms, ?B)
[2026-08-06T03:10:33.208Z] GET http://localhost:3000/mascots/headphones.png → pending (?ms, ?B)
[2026-08-06T03:10:35.011Z] GET http://localhost:3000/mascots/paragliding.png → 200 (3ms, ?B)
[2026-08-06T03:10:35.558Z] GET http://localhost:3000/mascots/rocket.png → 200 (7ms, ?B)
[2026-08-06T03:10:38.609Z] GET http://localhost:3000/mascots/sleeping.png → 200 (4ms, ?B)
[2026-08-06T03:10:40.408Z] GET http://localhost:3000/mascots/thinking.png → 200 (4ms, ?B)
[2026-08-06T03:10:42.208Z] GET http://localhost:3000/mascots/working.png → 200 (4ms, ?B)
[2026-08-06T03:10:44.006Z] GET http://localhost:3000/mascots/cooking.png → 200 (4ms, ?B)
[2026-08-06T03:10:45.807Z] GET http://localhost:3000/mascots/sherlock.png → 200 (3ms, ?B)
[2026-08-06T03:10:46.374Z] GET http://localhost:3000/mascots/wizard.png → 200 (9ms, ?B)
[2026-08-06T03:10:49.978Z] GET http://localhost:3000/mascots/rocket.png → 200 (6ms, ?B)
[2026-08-06T03:10:51.208Z] GET http://localhost:3000/mascots/headphones.png → 200 (4ms, ?B)
[2026-08-06T03:10:53.003Z] GET http://localhost:3000/mascots/paragliding.png → 200 (3ms, ?B)
[2026-08-06T03:10:56.611Z] GET http://localhost:3000/mascots/sleeping.png → 200 (4ms, ?B)
[2026-08-06T03:10:57.191Z] GET http://localhost:3000/mascots/working.png → 200 (8ms, ?B)
[2026-08-06T03:10:58.406Z] GET http://localhost:3000/mascots/thinking.png → 200 (4ms, ?B)
[2026-08-06T03:11:00.795Z] GET http://localhost:3000/mascots/wizard.png → 200 (6ms, ?B)
[2026-08-06T03:11:02.003Z] GET http://localhost:3000/mascots/cooking.png → 200 (3ms, ?B)
[2026-08-06T03:11:03.805Z] GET http://localhost:3000/mascots/sherlock.png → 200 (3ms, ?B)
[2026-08-06T03:11:04.405Z] GET http://localhost:3000/mascots/rocket.png → 200 (2ms, ?B)
[2026-08-06T03:11:08.009Z] GET http://localhost:3000/mascots/headphones.png → 200 (7ms, ?B)
[2026-08-06T03:11:11.007Z] GET http://localhost:3000/mascots/paragliding.png → 200 (4ms, ?B)
[2026-08-06T03:11:12.806Z] GET http://localhost:3000/mascots/rocket.png → 200 (4ms, ?B)
[2026-08-06T03:11:14.609Z] GET http://localhost:3000/mascots/sleeping.png → 200 (4ms, ?B)
[2026-08-06T03:11:15.220Z] GET http://localhost:3000/mascots/wizard.png → 200 (2ms, ?B)
[2026-08-06T03:11:16.410Z] GET http://localhost:3000/mascots/thinking.png → 200 (4ms, ?B)
[2026-08-06T03:11:20.008Z] GET http://localhost:3000/mascots/cooking.png → 200 (4ms, ?B)
[2026-08-06T03:11:21.807Z] GET http://localhost:3000/mascots/sherlock.png → 200 (3ms, ?B)
[2026-08-06T03:11:22.432Z] GET http://localhost:3000/mascots/headphones.png → 200 (2ms, ?B)
[2026-08-06T03:11:23.610Z] GET http://localhost:3000/mascots/wizard.png → 200 (3ms, ?B)
[2026-08-06T03:11:26.036Z] GET http://localhost:3000/mascots/working.png → 200 (2ms, ?B)
[2026-08-06T03:11:29.010Z] GET http://localhost:3000/mascots/paragliding.png → 200 (4ms, ?B)
[2026-08-06T03:11:30.808Z] GET http://localhost:3000/mascots/rocket.png → 200 (3ms, ?B)
[2026-08-06T03:11:32.609Z] GET http://localhost:3000/mascots/sleeping.png → 200 (4ms, ?B)
[2026-08-06T03:11:34.405Z] GET http://localhost:3000/mascots/thinking.png → 200 (4ms, ?B)
[2026-08-06T03:11:36.210Z] GET http://localhost:3000/mascots/working.png → 200 (3ms, ?B)
[2026-08-06T03:11:36.855Z] GET http://localhost:3000/mascots/headphones.png → 200 (1ms, ?B)
[2026-08-06T03:11:38.010Z] GET http://localhost:3000/mascots/cooking.png → 200 (4ms, ?B)
[2026-08-06T03:11:39.808Z] GET http://localhost:3000/mascots/sherlock.png → 200 (3ms, ?B)
[2026-08-06T03:11:41.651Z] GET http://localhost:3000/mascots/wizard.png → 200 (6ms, ?B)
[2026-08-06T03:11:45.209Z] GET http://localhost:3000/mascots/headphones.png → 200 (4ms, ?B)
[2026-08-06T03:11:47.008Z] GET http://localhost:3000/mascots/paragliding.png → 200 (4ms, ?B)
[2026-08-06T03:11:47.675Z] GET http://localhost:3000/mascots/rocket.png → 200 (5ms, ?B)
[2026-08-06T03:11:50.608Z] GET http://localhost:3000/mascots/sleeping.png → 200 (4ms, ?B)
[2026-08-06T03:11:52.408Z] GET http://localhost:3000/mascots/thinking.png → 200 (3ms, ?B)
[2026-08-06T03:11:56.010Z] GET http://localhost:3000/mascots/cooking.png → 200 (4ms, ?B)
[2026-08-06T03:11:57.809Z] GET http://localhost:3000/mascots/sherlock.png → 200 (4ms, ?B)
[2026-08-06T03:11:58.494Z] GET http://localhost:3000/mascots/wizard.png → 200 (7ms, ?B)
[2026-08-06T03:12:02.105Z] GET http://localhost:3000/mascots/rocket.png → 200 (2ms, ?B)
[2026-08-06T03:12:03.211Z] GET http://localhost:3000/mascots/headphones.png → 200 (4ms, ?B)
[2026-08-06T03:12:05.008Z] GET http://localhost:3000/mascots/paragliding.png → 200 (4ms, ?B)
[2026-08-06T03:12:06.809Z] GET http://localhost:3000/mascots/rocket.png → 200 (4ms, ?B)
[2026-08-06T03:12:08.606Z] GET http://localhost:3000/mascots/sleeping.png → 200 (3ms, ?B)
[2026-08-06T03:12:09.319Z] GET http://localhost:3000/mascots/working.png → 200 (1ms, ?B)
[2026-08-06T03:12:10.406Z] GET http://localhost:3000/mascots/thinking.png → 200 (4ms, ?B)
[2026-08-06T03:12:12.923Z] GET http://localhost:3000/mascots/wizard.png → 200 (8ms, ?B)
[2026-08-06T03:12:14.009Z] GET http://localhost:3000/mascots/cooking.png → 200 (4ms, ?B)
[2026-08-06T03:12:15.809Z] GET http://localhost:3000/mascots/sherlock.png → 200 (4ms, ?B)
[2026-08-06T03:12:17.609Z] GET http://localhost:3000/mascots/wizard.png → 200 (4ms, ?B)
[2026-08-06T03:12:20.136Z] GET http://localhost:3000/mascots/headphones.png → 200 (1ms, ?B)
[2026-08-06T03:12:23.008Z] GET http://localhost:3000/mascots/paragliding.png → 200 (4ms, ?B)
[2026-08-06T03:12:23.741Z] GET http://localhost:3000/mascots/working.png → 200 (8ms, ?B)
[2026-08-06T03:12:26.609Z] GET http://localhost:3000/mascots/sleeping.png → 200 (4ms, ?B)
[2026-08-06T03:12:27.344Z] GET http://localhost:3000/mascots/wizard.png → 200 (7ms, ?B)
[2026-08-06T03:12:28.408Z] GET http://localhost:3000/mascots/thinking.png → 200 (3ms, ?B)
[2026-08-06T03:12:32.006Z] GET http://localhost:3000/mascots/cooking.png → 200 (4ms, ?B)
[2026-08-06T03:12:33.810Z] GET http://localhost:3000/mascots/sherlock.png → 200 (3ms, ?B)
[2026-08-06T03:12:34.559Z] GET http://localhost:3000/mascots/headphones.png → 200 (7ms, ?B)
[2026-08-06T03:12:39.204Z] GET http://localhost:3000/mascots/headphones.png → 200 (4ms, ?B)
[2026-08-06T03:12:41.002Z] GET http://localhost:3000/mascots/paragliding.png → 200 (2ms, ?B)
[2026-08-06T03:12:41.770Z] GET http://localhost:3000/mascots/wizard.png → 200 (1ms, ?B)
[2026-08-06T03:12:42.806Z] GET http://localhost:3000/mascots/rocket.png → 200 (4ms, ?B)
[2026-08-06T03:12:44.604Z] GET http://localhost:3000/mascots/sleeping.png → 200 (4ms, ?B)
[2026-08-06T03:12:46.406Z] GET http://localhost:3000/mascots/thinking.png → 200 (4ms, ?B)
[2026-08-06T03:12:48.982Z] GET http://localhost:3000/mascots/headphones.png → 200 (1ms, ?B)
[2026-08-06T03:12:50.006Z] GET http://localhost:3000/mascots/cooking.png → 200 (4ms, ?B)
[2026-08-06T03:12:51.805Z] GET http://localhost:3000/mascots/sherlock.png → 200 (4ms, ?B)
[2026-08-06T03:12:53.604Z] GET http://localhost:3000/mascots/wizard.png → 200 (5ms, ?B)
[2026-08-06T03:12:57.205Z] GET http://localhost:3000/mascots/headphones.png → 200 (3ms, ?B)
[2026-08-06T03:12:59.006Z] GET http://localhost:3000/mascots/paragliding.png → 200 (4ms, ?B)
[2026-08-06T03:12:59.794Z] GET http://localhost:3000/mascots/rocket.png → 200 (5ms, ?B)
[2026-08-06T03:13:02.601Z] GET http://localhost:3000/mascots/sleeping.png → 200 (3ms, ?B)
[2026-08-06T03:13:04.402Z] GET http://localhost:3000/mascots/thinking.png → 200 (4ms, ?B)
[2026-08-06T03:13:06.201Z] GET http://localhost:3000/mascots/working.png → 200 (4ms, ?B)
[2026-08-06T03:13:08.012Z] GET http://localhost:3000/mascots/cooking.png → 200 (2ms, ?B)
[2026-08-06T03:13:09.804Z] GET http://localhost:3000/mascots/sherlock.png → 200 (4ms, ?B)
[2026-08-06T03:13:10.610Z] GET http://localhost:3000/mascots/wizard.png → 200 (5ms, ?B)
[2026-08-06T03:13:14.220Z] GET http://localhost:3000/mascots/rocket.png → 200 (2ms, ?B)
[2026-08-06T03:13:15.203Z] GET http://localhost:3000/mascots/headphones.png → 200 (4ms, ?B)
[2026-08-06T03:13:17.001Z] GET http://localhost:3000/mascots/paragliding.png → 200 (4ms, ?B)
[2026-08-06T03:13:20.606Z] GET http://localhost:3000/mascots/sleeping.png → 200 (4ms, ?B)
[2026-08-06T03:13:21.427Z] GET http://localhost:3000/mascots/working.png → 200 (5ms, ?B)
[2026-08-06T03:13:22.428Z] GET http://localhost:3000/mascots/thinking.png → 200 (5ms, ?B)
[2026-08-06T03:13:25.036Z] GET http://localhost:3000/mascots/wizard.png → 200 (2ms, ?B)
[2026-08-06T03:13:26.000Z] GET http://localhost:3000/mascots/cooking.png → 200 (4ms, ?B)
[2026-08-06T03:13:27.802Z] GET http://localhost:3000/mascots/sherlock.png → 200 (3ms, ?B)
[2026-08-06T03:13:28.649Z] GET http://localhost:3000/mascots/rocket.png → 200 (26ms, ?B)
[2026-08-06T03:13:32.243Z] GET http://localhost:3000/mascots/headphones.png → 200 (5ms, ?B)
[2026-08-06T03:13:35.001Z] GET http://localhost:3000/mascots/paragliding.png → 200 (3ms, ?B)
[2026-08-06T03:13:35.851Z] GET http://localhost:3000/mascots/working.png → 200 (2ms, ?B)
[2026-08-06T03:13:38.601Z] GET http://localhost:3000/mascots/sleeping.png → 200 (3ms, ?B)
[2026-08-06T03:13:39.456Z] GET http://localhost:3000/mascots/wizard.png → 200 (2ms, ?B)
[2026-08-06T03:13:40.403Z] GET http://localhost:3000/mascots/thinking.png → 200 (4ms, ?B)
[2026-08-06T03:13:43.060Z] GET http://localhost:3000/mascots/rocket.png → 200 (5ms, ?B)
[2026-08-06T03:13:44.001Z] GET http://localhost:3000/mascots/cooking.png → 200 (3ms, ?B)
[2026-08-06T03:13:45.803Z] GET http://localhost:3000/mascots/sherlock.png → 200 (5ms, ?B)
[2026-08-06T03:13:46.668Z] GET http://localhost:3000/mascots/headphones.png → 200 (3ms, ?B)
[2026-08-06T03:13:53.006Z] GET http://localhost:3000/mascots/paragliding.png → 200 (4ms, ?B)
[2026-08-06T03:13:53.875Z] GET http://localhost:3000/mascots/wizard.png → 200 (4ms, ?B)
[2026-08-06T03:13:54.804Z] GET http://localhost:3000/mascots/rocket.png → 200 (4ms, ?B)
[2026-08-06T03:13:56.604Z] GET http://localhost:3000/mascots/sleeping.png → 200 (5ms, ?B)
[2026-08-06T03:13:58.404Z] GET http://localhost:3000/mascots/thinking.png → pending (?ms, ?B)
[2026-08-06T03:14:02.003Z] GET http://localhost:3000/mascots/cooking.png → 200 (4ms, ?B)
